course_id,name,category,level,difficulty,prerequisites,skills,description
C01,Programming Fundamentals,Programming & Algorithms,1,2,,python;problem solving;logic,"Introduction to programming with variables, loops, functions and basic problem solving in Python."
C02,Discrete Mathematics,Mathematics & Theory,1,3,,logic;mathematics;proofs,"Sets, relations, graphs, propositional logic and proof techniques for computer science."
C03,Digital Logic Design,Systems & Networks,1,2,,hardware;logic;circuits,"Boolean algebra, logic gates, combinational and sequential circuit design."
C04,Object Oriented Programming,Programming & Algorithms,2,3,C01,java;software design;problem solving,"Classes, objects, inheritance and polymorphism in Java with small design projects."
C05,Data Structures,Programming & Algorithms,2,3,C01,algorithms;java;problem solving,"Arrays, linked lists, stacks, queues, trees and hash tables with complexity analysis."
C06,Linear Algebra,Mathematics & Theory,2,3,C02,linear algebra;mathematics,"Vectors, matrices, eigenvalues and transformations, the foundation of machine learning."
C07,Computer Organization,Systems & Networks,2,3,C03,hardware;assembly;logic,"Processor design, memory hierarchy, instruction sets and assembly programming."
C08,Design and Analysis of Algorithms,Programming & Algorithms,3,4,C02;C05,algorithms;problem solving;mathematics,"Sorting, graph algorithms, dynamic programming, greedy methods and complexity."
C09,Database Systems,Data Science,3,3,C05,sql;data modeling;databases,"Relational model, SQL queries, normalization, transactions and indexing."
C10,Probability and Statistics,Mathematics & Theory,3,3,C06,statistics;mathematics;data analysis,"Random variables, distributions, hypothesis testing and regression for data analysis."
C11,Operating Systems,Systems & Networks,3,4,C05;C07,linux;operating systems;concurrency,"Processes, threads, scheduling, memory management and file systems using Linux."
C12,Web Development Basics,Web & Mobile,3,2,C04,html css;javascript;web design,"Building static and interactive websites with HTML, CSS and JavaScript."
C13,Computer Networks,Systems & Networks,4,3,C07,networking;protocols;linux,"TCP/IP layers, routing, sockets, HTTP and network protocols."
C14,Software Engineering,Software Engineering,4,2,C04,software design;teamwork;testing,"Software life cycle, requirements, UML design, agile teamwork and version control."
C15,Machine Learning Fundamentals,AI & Machine Learning,4,4,C10;C06;C01,machine learning;python;statistics,"Supervised and unsupervised learning, regression, classification, clustering and model evaluation in Python."
C16,Data Visualization,Data Science,4,2,C10;C01,data visualization;python;data analysis,Exploring data and building charts and dashboards with Python plotting libraries.
C17,Full Stack Web Development,Web & Mobile,4,3,C12;C09,javascript;sql;web design,"Building database driven web applications with front end, back end and REST APIs."
C18,Theory of Computation,Mathematics & Theory,4,5,C08,automata;proofs;logic,"Finite automata, grammars, Turing machines, decidability and complexity classes."
C19,Artificial Intelligence,AI & Machine Learning,5,3,C08,search algorithms;problem solving;python,"Intelligent agents, search, constraint satisfaction, logic, knowledge representation and planning."
C20,Deep Learning,AI & Machine Learning,5,5,C15,deep learning;python;linear algebra,"Neural networks, backpropagation, convolutional and recurrent networks with modern frameworks."
C21,Data Mining,Data Science,5,4,C09;C15,data mining;sql;machine learning,"Pattern discovery, association rules, clustering and classification on large databases."
C22,Big Data Analytics,Data Science,5,4,C09;C10,big data;sql;data analysis,Distributed processing of large datasets with MapReduce and Spark style tools.
C23,Information Security,Cybersecurity,5,3,C13,security;networking;risk analysis,"Security principles, threats, authentication, access control and secure system design."
C24,Mobile App Development,Web & Mobile,5,3,C04;C09,mobile development;java;software design,Designing and building Android applications with user interfaces and local databases.
C25,Compiler Design,Systems & Networks,5,5,C18,compilers;automata;algorithms,"Lexical analysis, parsing, semantic analysis and code generation."
C26,Cloud Computing,Systems & Networks,5,3,C11;C13,cloud;linux;networking,"Virtualization, containers, cloud service models and deploying scalable applications."
C27,Natural Language Processing,AI & Machine Learning,6,4,C15,nlp;machine learning;python,"Text processing, embeddings, language models, sentiment analysis and machine translation."
C28,Computer Vision,AI & Machine Learning,6,5,C20,computer vision;deep learning;python,"Image processing, object detection and recognition with convolutional neural networks."
C29,Cryptography,Cybersecurity,6,4,C23;C02,cryptography;mathematics;security,"Symmetric and public key encryption, hashing, digital signatures and protocols."
C30,Ethical Hacking,Cybersecurity,6,3,C23,penetration testing;linux;security,"Penetration testing, vulnerability scanning and exploitation in a controlled lab."
C31,DevOps Engineering,Software Engineering,6,3,C14;C26,devops;cloud;linux,"Continuous integration, deployment pipelines, containers and monitoring."
C32,Recommender Systems,Data Science,6,3,C15,recommendation;machine learning;python,"Collaborative, content based and hybrid recommendation methods and their evaluation."
C33,Distributed Systems,Systems & Networks,6,4,C13;C11,distributed systems;networking;concurrency,"Replication, consensus, fault tolerance and scalable distributed architectures."
C34,Human Computer Interaction,Software Engineering,6,2,C14,user interface;design thinking;teamwork,"User research, interface design, prototyping and usability evaluation."
C35,Reinforcement Learning,AI & Machine Learning,7,5,C19;C10,reinforcement learning;python;statistics,"Markov decision processes, Q-learning and policy gradient methods for decision making agents."
C36,Data Engineering,Data Science,7,4,C22,big data;sql;data pipelines,"Building data pipelines, warehouses and streaming systems for analytics."
C37,Web Security,Cybersecurity,7,4,C30;C17,web security;javascript;penetration testing,"Common web vulnerabilities such as injection and XSS, and secure coding practices."
C38,Internet of Things,Systems & Networks,7,3,C13;C07,embedded systems;networking;hardware,"Sensors, embedded boards, wireless protocols and IoT application prototypes."
C39,Software Testing and Quality Assurance,Software Engineering,7,3,C14,testing;automation;software design,"Unit testing, test automation, coverage and quality assurance processes."
C40,Blockchain Technology,Cybersecurity,7,4,C29,blockchain;cryptography;distributed systems,"Distributed ledgers, consensus, smart contracts and decentralized applications."
C41,Microservices Architecture,Web & Mobile,7,4,C17;C26,microservices;cloud;javascript,"Designing scalable web backends with services, APIs, containers and messaging."
C42,Large Language Models,AI & Machine Learning,8,5,C27;C20,nlp;deep learning;python,"Transformer architectures, pretraining, fine tuning and prompting of large language models."
C43,MLOps,Data Science,8,4,C31;C15,devops;machine learning;cloud,"Deploying, monitoring and maintaining machine learning models in production."
C44,Game Development,Programming & Algorithms,8,3,C04;C06,game programming;java;linear algebra,"Game loops, graphics, physics and building a small game engine."
C45,Capstone Project,Software Engineering,8,3,C14,teamwork;software design;project management,"Team based final year project covering design, implementation and documentation."
C46,Network Security,Cybersecurity,8,4,C23;C13,security;networking;cryptography,"Firewalls, intrusion detection, VPNs and secure network protocols."
C47,Time Series Forecasting,Data Science,8,4,C10;C15,statistics;machine learning;data analysis,"Trend and seasonality modeling, ARIMA and neural forecasting of temporal data."
C48,Parallel Computing,Systems & Networks,8,4,C11;C07,concurrency;parallel programming;algorithms,"Multicore programming, GPUs, synchronization and speedup analysis."
