student_id,course_id,rating,semester_taken
S001,C03,4,1
S001,C01,2,1
S001,C02,3,1
S001,C07,4,2
S001,C06,2,2
S001,C04,2,2
S001,C05,2,2
S001,C09,4,3
S001,C10,3,3
S001,C11,4,3
S001,C13,4,3
S001,C12,2,3
S001,C22,4,4
S001,C16,4,4
S001,C15,2,4
S001,C17,3,4
S001,C26,3,4
S001,C20,3,5
S001,C21,3,5
S001,C33,4,5
S001,C32,3,5
S001,C23,3,5
S001,C24,3,6
S001,C38,4,6
S001,C30,2,6
S001,C27,3,6
S001,C29,2,6
S001,C41,3,7
S001,C47,5,7
S001,C46,3,7
S001,C36,4,7
S001,C42,3,7
S002,C02,2,1
S002,C01,2,1
S002,C03,2,1
S002,C07,2,2
S002,C04,3,2
S002,C06,4,2
S002,C05,3,2
S002,C08,3,3
S002,C14,4,3
S002,C09,3,3
S002,C11,4,3
S002,C10,3,3
S002,C16,3,4
S002,C22,5,4
S002,C15,4,4
S002,C13,3,4
S002,C18,3,4
S002,C24,4,5
S002,C21,4,5
S002,C32,3,5
S002,C27,2,5
S002,C19,4,5
S002,C38,4,6
S002,C26,2,6
S002,C33,3,6
S002,C35,2,6
S002,C39,4,6
S002,C31,4,7
S002,C20,2,7
S002,C34,3,7
S002,C45,3,7
S002,C36,4,7
S003,C02,3,1
S003,C03,3,1
S003,C01,5,1
S003,C06,3,2
S003,C07,2,2
S003,C05,2,2
S003,C04,1,2
S003,C12,2,3
S003,C13,2,3
S003,C11,4,3
S003,C09,2,3
S003,C10,2,3
S003,C23,4,4
S003,C14,3,4
S003,C22,3,4
S003,C17,2,4
S003,C15,4,4
S003,C20,3,5
S003,C16,3,5
S003,C29,4,5
S003,C30,3,5
S003,C27,4,5
S003,C28,3,6
S003,C36,2,6
S003,C33,3,6
S003,C21,3,6
S003,C34,3,6
S003,C37,3,7
S003,C46,4,7
S003,C48,2,7
S003,C42,3,7
S003,C40,4,7
S003,C44,2,8
S003,C45,3,8
S003,C38,3,8
S003,C39,3,8
S003,C32,2,8
S004,C01,4,1
S004,C02,4,1
S004,C03,3,1
S004,C06,3,2
S004,C04,5,2
S004,C07,4,2
S004,C05,4,2
S004,C14,3,3
S004,C08,3,3
S004,C10,3,3
S004,C09,3,3
S004,C12,3,3
S005,C02,3,1
S005,C01,3,1
S005,C03,2,1
S005,C05,3,2
S005,C04,4,2
S005,C07,2,2
S005,C06,2,2
S005,C12,4,3
S005,C11,4,3
S005,C10,3,3
S005,C14,1,3
S005,C13,4,3
S005,C16,4,4
S005,C08,3,4
S005,C15,3,4
S005,C09,2,4
S005,C23,3,4
S005,C21,4,5
S005,C32,4,5
S005,C19,3,5
S005,C34,3,5
S005,C24,3,5
S005,C20,3,6
S005,C33,3,6
S005,C22,4,6
S005,C35,2,6
S005,C29,2,6
S005,C36,5,7
S005,C47,4,7
S005,C27,4,7
S005,C45,3,7
S005,C44,2,7
S006,C01,3,1
S006,C03,3,1
S006,C02,3,1
S006,C04,4,2
S006,C07,3,2
S006,C05,4,2
S006,C06,4,2
S006,C10,3,3
S006,C08,3,3
S006,C11,2,3
S006,C12,2,3
S006,C13,2,3
S006,C16,2,4
S006,C09,3,4
S006,C19,3,4
S006,C23,4,4
S006,C15,3,4
S006,C24,3,5
S006,C30,5,5
S006,C29,4,5
S006,C26,3,5
S006,C20,2,5
S006,C35,3,6
S006,C40,5,6
S006,C32,3,6
S006,C33,3,6
S006,C17,3,6
S006,C37,4,7
S006,C46,3,7
S006,C21,2,7
S006,C47,1,7
S006,C38,3,7
S006,C48,3,8
S006,C41,3,8
S006,C44,3,8
S006,C27,2,8
S006,C28,3,8
S007,C01,2,1
S007,C02,2,1
S007,C03,2,1
S007,C07,2,2
S007,C06,3,2
S007,C05,3,2
S007,C04,3,2
S007,C12,3,3
S007,C14,4,3
S007,C09,4,3
S007,C11,3,3
S007,C10,3,3
S007,C15,3,4
S007,C16,3,4
S007,C08,2,4
S007,C22,4,4
S007,C17,3,4
S008,C01,4,1
S008,C03,4,1
S008,C02,2,1
S008,C04,4,2
S008,C06,2,2
S008,C05,5,2
S008,C07,3,2
S008,C08,4,3
S008,C11,2,3
S008,C14,4,3
S008,C09,2,3
S008,C10,3,3
S008,C22,2,4
S008,C19,3,4
S008,C12,3,4
S008,C13,3,4
S008,C18,3,4
S008,C24,5,5
S008,C34,3,5
S008,C26,2,5
S008,C23,3,5
S008,C17,3,5
S008,C39,5,6
S008,C30,4,6
S008,C29,3,6
S008,C31,4,6
S008,C36,3,6
S008,C44,5,7
S008,C48,3,7
S008,C45,5,7
S008,C41,2,7
S008,C46,3,7
S009,C01,1,1
S009,C03,3,1
S009,C02,3,1
S009,C04,3,2
S009,C07,3,2
S009,C06,3,2
S009,C05,3,2
S009,C12,3,3
S009,C13,2,3
S009,C09,3,3
S009,C10,3,3
S009,C08,4,3
S009,C24,4,4
S009,C14,2,4
S009,C17,4,4
S009,C18,3,4
S009,C15,2,4
S009,C20,3,5
S009,C21,3,5
S009,C11,2,5
S009,C19,2,5
S009,C32,3,5
S009,C34,2,6
S009,C35,4,6
S009,C25,3,6
S009,C26,3,6
S009,C27,2,6
S009,C41,5,7
S009,C33,3,7
S009,C23,2,7
S009,C48,2,7
S009,C22,4,7
S009,C45,3,8
S009,C46,2,8
S009,C28,3,8
S009,C42,3,8
S009,C36,3,8
S010,C02,4,1
S010,C01,3,1
S010,C03,2,1
S010,C06,4,2
S010,C07,3,2
S010,C04,3,2
S010,C05,2,2
S010,C08,3,3
S010,C14,3,3
S010,C10,3,3
S010,C09,4,3
S010,C13,3,3
S010,C18,4,4
S010,C16,5,4
S010,C19,4,4
S010,C22,4,4
S010,C11,2,4
S011,C01,3,1
S011,C03,3,1
S011,C02,3,1
S011,C06,3,2
S011,C07,4,2
S011,C04,3,2
S011,C05,4,2
S011,C13,4,3
S011,C11,5,3
S011,C09,5,3
S011,C14,2,3
S011,C12,4,3
S011,C17,3,4
S011,C26,4,4
S011,C23,4,4
S011,C10,3,4
S011,C24,3,4
S011,C16,3,5
S011,C31,3,5
S011,C22,4,5
S011,C33,3,5
S011,C15,3,5
S011,C29,3,6
S011,C32,4,6
S011,C30,2,6
S011,C21,3,6
S011,C36,4,6
S012,C02,3,1
S012,C01,3,1
S012,C03,2,1
S012,C06,3,2
S012,C04,4,2
S012,C05,3,2
S012,C07,4,2
S012,C12,4,3
S012,C08,3,3
S012,C10,3,3
S012,C09,3,3
S012,C11,4,3
S012,C17,4,4
S012,C15,5,4
S012,C24,4,4
S012,C22,3,4
S012,C19,3,4
S012,C14,2,5
S012,C32,3,5
S012,C20,3,5
S012,C16,3,5
S012,C21,3,5
S013,C02,3,1
S013,C01,2,1
S013,C03,4,1
S013,C06,4,2
S013,C04,3,2
S013,C07,2,2
S013,C05,3,2
S013,C08,2,3
S013,C10,3,3
S013,C09,4,3
S013,C12,2,3
S013,C14,2,3
S014,C03,4,1
S014,C02,3,1
S014,C01,3,1
S014,C07,4,2
S014,C06,3,2
S014,C04,3,2
S014,C05,3,2
S014,C13,3,3
S014,C08,2,3
S014,C11,3,3
S014,C10,3,3
S014,C14,4,3
S014,C12,1,4
S014,C15,2,4
S014,C23,2,4
S014,C26,4,4
S014,C18,2,4
S015,C01,4,1
S015,C02,3,1
S015,C03,3,1
S015,C06,4,2
S015,C05,4,2
S015,C04,4,2
S015,C07,3,2
S015,C08,4,3
S015,C14,3,3
S015,C10,3,3
S015,C12,2,3
S015,C09,2,3
S015,C13,3,4
S015,C16,3,4
S015,C18,3,4
S015,C24,3,4
S015,C11,2,4
S015,C17,3,5
S015,C34,4,5
S015,C19,3,5
S015,C23,4,5
S015,C25,3,5
S015,C39,3,6
S015,C30,3,6
S015,C33,2,6
S015,C15,2,6
S015,C35,3,6
S015,C38,4,7
S015,C45,4,7
S015,C44,5,7
S015,C22,2,7
S015,C47,3,7
S015,C27,3,8
S015,C37,1,8
S015,C46,2,8
S015,C48,3,8
S015,C32,3,8
S016,C01,4,1
S016,C02,3,1
S016,C03,3,1
S016,C06,4,2
S016,C04,4,2
S016,C07,3,2
S016,C05,5,2
S016,C12,4,3
S016,C08,5,3
S016,C10,3,3
S016,C13,3,3
S016,C11,2,3
S016,C16,3,4
S016,C15,3,4
S016,C19,3,4
S016,C23,2,4
S016,C14,3,4
S016,C30,3,5
S016,C18,3,5
S016,C09,3,5
S016,C20,4,5
S016,C33,3,5
S017,C02,4,1
S017,C01,3,1
S017,C03,2,1
S017,C07,4,2
S017,C04,3,2
S017,C06,4,2
S017,C05,3,2
S017,C14,3,3
S017,C08,3,3
S017,C10,3,3
S017,C13,2,3
S017,C12,4,3
S018,C03,3,1
S018,C02,4,1
S018,C01,4,1
S018,C07,4,2
S018,C06,4,2
S018,C04,3,2
S018,C05,3,2
S018,C12,3,3
S018,C13,5,3
S018,C11,5,3
S018,C14,3,3
S018,C09,3,3
S018,C24,2,4
S018,C08,1,4
S018,C26,5,4
S018,C10,3,4
S018,C23,3,4
S018,C29,2,5
S018,C34,3,5
S018,C30,2,5
S018,C31,4,5
S018,C22,3,5
S018,C40,1,6
S018,C39,4,6
S018,C33,4,6
S018,C38,4,6
S018,C17,2,6
S019,C01,4,1
S019,C02,3,1
S019,C03,2,1
S019,C04,3,2
S019,C05,4,2
S019,C06,3,2
S019,C07,3,2
S019,C14,3,3
S019,C08,4,3
S019,C11,2,3
S019,C13,2,3
S019,C10,4,3
S019,C09,3,4
S019,C23,5,4
S019,C16,3,4
S019,C26,2,4
S019,C19,2,4
S019,C30,3,5
S019,C29,4,5
S019,C15,2,5
S019,C34,4,5
S019,C22,3,5
S019,C39,3,6
S019,C40,4,6
S019,C21,3,6
S019,C33,3,6
S019,C31,1,6
S019,C44,3,7
S019,C43,2,7
S019,C27,3,7
S019,C24,3,7
S019,C46,4,7
S020,C01,4,1
S020,C03,3,1
S020,C02,4,1
S020,C06,4,2
S020,C07,3,2
S020,C04,4,2
S020,C05,4,2
S020,C10,3,3
S020,C08,3,3
S020,C11,2,3
S020,C12,2,3
S020,C14,2,3
S021,C01,2,1
S021,C03,4,1
S021,C02,3,1
S021,C07,5,2
S021,C06,3,2
S021,C05,2,2
S021,C04,3,2
S021,C13,5,3
S021,C11,4,3
S021,C10,2,3
S021,C12,3,3
S021,C08,3,3
S021,C14,3,4
S021,C26,4,4
S021,C15,3,4
S021,C19,5,4
S021,C23,2,4
S022,C03,2,1
S022,C02,3,1
S022,C01,3,1
S022,C06,4,2
S022,C05,3,2
S022,C04,3,2
S022,C07,3,2
S022,C09,3,3
S022,C11,2,3
S022,C13,1,3
S022,C10,3,3
S022,C12,2,3
S022,C22,4,4
S022,C16,4,4
S022,C14,3,4
S022,C08,2,4
S022,C17,4,4
S022,C19,3,5
S022,C26,3,5
S022,C34,2,5
S022,C33,4,5
S022,C24,3,5
S023,C01,4,1
S023,C03,4,1
S023,C02,2,1
S023,C04,4,2
S023,C07,4,2
S023,C05,4,2
S023,C06,2,2
S023,C08,4,3
S023,C11,3,3
S023,C14,3,3
S023,C10,2,3
S023,C12,2,3
S024,C02,2,1
S024,C03,2,1
S024,C01,3,1
S024,C06,3,2
S024,C04,2,2
S024,C05,3,2
S024,C07,3,2
S024,C10,2,3
S024,C08,3,3
S024,C14,3,3
S024,C11,3,3
S024,C09,3,3
S024,C19,3,4
S024,C13,3,4
S024,C24,2,4
S024,C22,3,4
S024,C15,3,4
S024,C20,3,5
S024,C33,3,5
S024,C34,3,5
S024,C32,3,5
S024,C23,1,5
S024,C21,3,6
S024,C27,4,6
S024,C30,3,6
S024,C35,2,6
S024,C39,4,6
S024,C36,2,7
S024,C45,4,7
S024,C48,4,7
S024,C47,4,7
S024,C46,3,7
S025,C02,4,1
S025,C03,2,1
S025,C01,2,1
S025,C06,4,2
S025,C04,3,2
S025,C07,3,2
S025,C05,2,2
S025,C13,5,3
S025,C12,2,3
S025,C10,4,3
S025,C11,4,3
S025,C09,2,3
S025,C23,3,4
S025,C24,2,4
S025,C17,2,4
S025,C22,3,4
S025,C14,2,4
S025,C34,2,5
S025,C33,4,5
S025,C26,5,5
S025,C15,4,5
S025,C08,3,5
S025,C38,3,6
S025,C31,3,6
S025,C32,3,6
S025,C30,2,6
S025,C29,3,6
S025,C47,3,7
S025,C37,3,7
S025,C36,3,7
S025,C48,4,7
S025,C40,3,7
S026,C02,3,1
S026,C01,2,1
S026,C03,2,1
S026,C05,3,2
S026,C04,3,2
S026,C06,2,2
S026,C07,4,2
S026,C12,2,3
S026,C13,2,3
S026,C11,3,3
S026,C08,3,3
S026,C10,4,3
S026,C16,2,4
S026,C14,3,4
S026,C09,3,4
S026,C19,3,4
S026,C23,3,4
S026,C17,4,5
S026,C24,4,5
S026,C30,4,5
S026,C22,2,5
S026,C34,2,5
S026,C29,3,6
S026,C36,1,6
S026,C39,3,6
S026,C38,4,6
S026,C35,3,6
S027,C02,3,1
S027,C01,2,1
S027,C03,1,1
S027,C06,4,2
S027,C04,3,2
S027,C05,3,2
S027,C07,3,2
S027,C08,4,3
S027,C12,4,3
S027,C09,4,3
S027,C10,4,3
S027,C13,3,3
S027,C24,3,4
S027,C18,3,4
S027,C15,2,4
S027,C16,4,4
S027,C19,4,4
S027,C21,3,5
S027,C20,3,5
S027,C14,2,5
S027,C23,3,5
S027,C11,2,5
S028,C03,3,1
S028,C01,3,1
S028,C02,3,1
S028,C07,3,2
S028,C06,1,2
S028,C04,2,2
S028,C05,3,2
S028,C10,2,3
S028,C12,4,3
S028,C08,2,3
S028,C11,3,3
S028,C13,3,3
S028,C15,3,4
S028,C23,2,4
S028,C19,3,4
S028,C26,2,4
S028,C14,3,4
S028,C30,2,5
S028,C34,4,5
S028,C20,3,5
S028,C18,2,5
S028,C27,3,5
S028,C35,3,6
S028,C32,3,6
S028,C31,3,6
S028,C38,3,6
S028,C29,2,6
S028,C44,3,7
S028,C28,3,7
S028,C40,2,7
S028,C33,2,7
S028,C42,4,7
S028,C45,3,8
S028,C46,2,8
S028,C43,3,8
S028,C39,3,8
S028,C47,2,8
S029,C03,2,1
S029,C02,3,1
S029,C01,3,1
S029,C04,4,2
S029,C05,3,2
S029,C07,2,2
S029,C06,4,2
S029,C12,3,3
S029,C09,3,3
S029,C08,3,3
S029,C14,4,3
S029,C10,3,3
S029,C24,3,4
S029,C13,2,4
S029,C17,3,4
S029,C22,2,4
S029,C16,3,4
S029,C19,4,5
S029,C11,3,5
S029,C34,5,5
S029,C23,3,5
S029,C15,2,5
S029,C39,3,6
S029,C32,4,6
S029,C27,4,6
S029,C30,3,6
S029,C20,3,6
S029,C47,3,7
S029,C45,4,7
S029,C48,3,7
S029,C35,3,7
S029,C29,3,7
S030,C02,3,1
S030,C01,3,1
S030,C03,3,1
S030,C06,3,2
S030,C05,3,2
S030,C07,3,2
S030,C04,3,2
S030,C12,3,3
S030,C09,4,3
S030,C13,3,3
S030,C14,3,3
S030,C11,2,3
S030,C23,4,4
S030,C24,4,4
S030,C17,4,4
S030,C08,3,4
S030,C10,3,4
S031,C03,3,1
S031,C02,3,1
S031,C01,4,1
S031,C06,5,2
S031,C05,4,2
S031,C04,4,2
S031,C07,3,2
S031,C12,4,3
S031,C13,2,3
S031,C08,4,3
S031,C09,3,3
S031,C14,4,3
S031,C19,4,4
S031,C24,5,4
S031,C17,5,4
S031,C23,4,4
S031,C18,4,4
S031,C34,3,5
S031,C25,3,5
S031,C29,3,5
S031,C30,3,5
S031,C10,3,5
S031,C15,2,6
S031,C39,4,6
S031,C38,3,6
S031,C22,2,6
S031,C40,4,6
S031,C45,4,7
S031,C37,2,7
S031,C27,3,7
S031,C44,4,7
S031,C36,3,7
S032,C02,3,1
S032,C03,4,1
S032,C01,2,1
S032,C07,4,2
S032,C04,3,2
S032,C06,4,2
S032,C05,2,2
S032,C11,3,3
S032,C10,4,3
S032,C09,4,3
S032,C13,4,3
S032,C12,2,3
S032,C15,2,4
S032,C08,3,4
S032,C24,4,4
S032,C14,1,4
S032,C26,5,4
S032,C20,2,5
S032,C23,3,5
S032,C21,3,5
S032,C33,4,5
S032,C34,3,5
S032,C22,3,6
S032,C38,5,6
S032,C31,3,6
S032,C17,1,6
S032,C18,3,6
S033,C02,3,1
S033,C03,3,1
S033,C01,3,1
S033,C06,4,2
S033,C04,3,2
S033,C07,2,2
S033,C05,1,2
S033,C10,5,3
S033,C11,4,3
S033,C14,3,3
S033,C08,3,3
S033,C13,3,3
S033,C15,1,4
S033,C16,3,4
S033,C18,2,4
S033,C12,4,4
S033,C19,3,4
S034,C02,2,1
S034,C01,3,1
S034,C03,3,1
S034,C07,3,2
S034,C06,4,2
S034,C05,3,2
S034,C04,3,2
S034,C13,4,3
S034,C12,2,3
S034,C10,3,3
S034,C09,3,3
S034,C14,5,3
S034,C11,2,4
S034,C15,3,4
S034,C16,3,4
S034,C08,3,4
S034,C24,2,4
S035,C01,5,1
S035,C03,3,1
S035,C02,2,1
S035,C04,4,2
S035,C05,4,2
S035,C07,3,2
S035,C06,3,2
S035,C11,2,3
S035,C10,3,3
S035,C12,2,3
S035,C09,2,3
S035,C08,3,3
S035,C14,3,4
S035,C19,3,4
S035,C15,3,4
S035,C17,3,4
S035,C16,4,4
S035,C13,2,5
S035,C20,4,5
S035,C32,3,5
S035,C24,3,5
S035,C22,3,5
S035,C35,4,6
S035,C26,3,6
S035,C28,4,6
S035,C39,4,6
S035,C27,3,6
S035,C36,3,7
S035,C44,4,7
S035,C42,3,7
S035,C23,3,7
S035,C48,2,7
S035,C45,2,8
S035,C41,3,8
S035,C31,2,8
S035,C30,3,8
S035,C34,2,8
S036,C03,5,1
S036,C02,2,1
S036,C01,3,1
S036,C07,4,2
S036,C04,3,2
S036,C06,3,2
S036,C05,2,2
S036,C11,4,3
S036,C14,3,3
S036,C09,3,3
S036,C13,4,3
S036,C08,4,3
S036,C26,5,4
S036,C23,3,4
S036,C24,3,4
S036,C19,3,4
S036,C10,2,4
S036,C33,4,5
S036,C31,2,5
S036,C30,4,5
S036,C15,3,5
S036,C34,2,5
S036,C29,4,6
S036,C27,2,6
S036,C21,2,6
S036,C38,4,6
S036,C32,3,6
S036,C48,5,7
S036,C43,2,7
S036,C47,3,7
S036,C20,2,7
S036,C35,3,7
S036,C46,4,8
S036,C44,3,8
S036,C42,3,8
S036,C39,3,8
S036,C45,4,8
S037,C02,2,1
S037,C01,3,1
S037,C03,3,1
S037,C06,3,2
S037,C07,3,2
S037,C05,3,2
S037,C04,4,2
S037,C10,3,3
S037,C14,5,3
S037,C13,3,3
S037,C09,4,3
S037,C08,3,3
S037,C22,4,4
S037,C23,3,4
S037,C12,2,4
S037,C16,4,4
S037,C18,3,4
S037,C30,4,5
S037,C24,4,5
S037,C34,5,5
S037,C17,3,5
S037,C25,2,5
S037,C36,4,6
S037,C39,4,6
S037,C38,4,6
S037,C19,3,6
S037,C37,4,6
S038,C03,3,1
S038,C01,4,1
S038,C02,3,1
S038,C06,3,2
S038,C04,4,2
S038,C07,3,2
S038,C05,3,2
S038,C12,2,3
S038,C08,4,3
S038,C10,4,3
S038,C14,4,3
S038,C11,3,3
S038,C18,1,4
S038,C13,2,4
S038,C15,2,4
S038,C09,3,4
S038,C16,3,4
S039,C03,4,1
S039,C02,4,1
S039,C01,2,1
S039,C07,3,2
S039,C06,4,2
S039,C05,4,2
S039,C04,2,2
S039,C11,3,3
S039,C13,3,3
S039,C10,5,3
S039,C12,2,3
S039,C08,3,3
S039,C18,3,4
S039,C23,3,4
S039,C26,4,4
S039,C09,3,4
S039,C15,4,4
S039,C21,2,5
S039,C17,3,5
S039,C30,5,5
S039,C29,3,5
S039,C14,3,5
S039,C25,4,6
S039,C37,5,6
S039,C20,2,6
S039,C40,4,6
S039,C41,2,6
S039,C33,4,7
S039,C38,3,7
S039,C47,5,7
S039,C46,5,7
S039,C45,2,7
S040,C02,4,1
S040,C01,2,1
S040,C03,3,1
S040,C06,5,2
S040,C04,2,2
S040,C05,2,2
S040,C07,3,2
S040,C10,4,3
S040,C08,3,3
S040,C11,2,3
S040,C12,3,3
S040,C13,3,3
S040,C19,3,4
S040,C15,3,4
S040,C09,4,4
S040,C23,5,4
S040,C14,2,4
S040,C34,3,5
S040,C18,4,5
S040,C20,3,5
S040,C29,5,5
S040,C24,3,5
S040,C32,3,6
S040,C40,4,6
S040,C21,3,6
S040,C30,4,6
S040,C26,4,6
S040,C46,3,7
S040,C25,2,7
S040,C48,2,7
S040,C22,3,7
S040,C31,3,7
S041,C03,3,1
S041,C01,3,1
S041,C02,3,1
S041,C07,2,2
S041,C04,3,2
S041,C06,3,2
S041,C05,3,2
S041,C08,3,3
S041,C12,3,3
S041,C14,5,3
S041,C09,2,3
S041,C10,2,3
S041,C15,2,4
S041,C17,4,4
S041,C18,2,4
S041,C24,5,4
S041,C16,3,4
S042,C03,2,1
S042,C01,3,1
S042,C02,2,1
S042,C07,2,2
S042,C04,4,2
S042,C06,2,2
S042,C05,2,2
S042,C10,4,3
S042,C09,3,3
S042,C12,5,3
S042,C14,5,3
S042,C13,2,3
S042,C17,4,4
S042,C23,4,4
S042,C24,3,4
S042,C16,3,4
S042,C11,3,4
S042,C15,3,5
S042,C26,3,5
S042,C34,4,5
S042,C30,2,5
S042,C08,2,5
S042,C31,5,6
S042,C37,2,6
S042,C41,5,6
S042,C32,3,6
S042,C39,4,6
S043,C01,3,1
S043,C02,4,1
S043,C03,3,1
S043,C05,3,2
S043,C06,4,2
S043,C07,3,2
S043,C04,4,2
S043,C08,4,3
S043,C11,3,3
S043,C12,1,3
S043,C09,2,3
S043,C10,4,3
S043,C13,3,4
S043,C15,3,4
S043,C14,3,4
S043,C24,3,4
S043,C17,2,4
S043,C23,4,5
S043,C21,2,5
S043,C32,3,5
S043,C26,3,5
S043,C20,2,5
S044,C02,4,1
S044,C03,3,1
S044,C01,3,1
S044,C07,3,2
S044,C04,4,2
S044,C06,3,2
S044,C05,3,2
S044,C10,3,3
S044,C11,2,3
S044,C12,3,3
S044,C09,2,3
S044,C08,2,3
S044,C13,3,4
S044,C22,4,4
S044,C16,3,4
S044,C24,2,4
S044,C19,3,4
S044,C17,4,5
S044,C15,3,5
S044,C18,3,5
S044,C33,3,5
S044,C23,3,5
S044,C27,2,6
S044,C14,2,6
S044,C29,3,6
S044,C36,4,6
S044,C25,4,6
S045,C02,3,1
S045,C03,4,1
S045,C01,3,1
S045,C06,5,2
S045,C04,3,2
S045,C05,3,2
S045,C07,5,2
S045,C09,4,3
S045,C12,4,3
S045,C10,4,3
S045,C08,4,3
S045,C11,4,3
S045,C18,5,4
S045,C17,3,4
S045,C13,3,4
S045,C16,4,4
S045,C19,3,4
S045,C33,3,5
S045,C22,3,5
S045,C23,3,5
S045,C25,4,5
S045,C26,4,5
S045,C38,4,6
S045,C35,2,6
S045,C41,2,6
S045,C36,3,6
S045,C29,2,6
S046,C03,2,1
S046,C01,3,1
S046,C02,3,1
S046,C06,3,2
S046,C07,3,2
S046,C04,3,2
S046,C05,2,2
S046,C12,4,3
S046,C09,5,3
S046,C08,3,3
S046,C11,3,3
S046,C14,3,3
S046,C19,4,4
S046,C10,2,4
S046,C24,2,4
S046,C17,4,4
S046,C13,2,4
S047,C03,4,1
S047,C02,4,1
S047,C01,3,1
S047,C07,4,2
S047,C04,4,2
S047,C05,4,2
S047,C06,5,2
S047,C13,5,3
S047,C08,4,3
S047,C10,4,3
S047,C11,3,3
S047,C14,2,3
S047,C09,3,4
S047,C16,3,4
S047,C18,3,4
S047,C19,4,4
S047,C26,3,4
S047,C24,3,5
S047,C25,4,5
S047,C22,3,5
S047,C23,3,5
S047,C33,3,5
S048,C01,3,1
S048,C03,2,1
S048,C02,4,1
S048,C04,3,2
S048,C06,3,2
S048,C05,3,2
S048,C07,3,2
S048,C12,3,3
S048,C10,3,3
S048,C08,3,3
S048,C14,3,3
S048,C09,2,3
S048,C19,3,4
S048,C13,3,4
S048,C22,3,4
S048,C24,4,4
S048,C16,2,4
S048,C34,4,5
S048,C23,3,5
S048,C17,2,5
S048,C15,3,5
S048,C11,2,5
S048,C20,2,6
S048,C30,2,6
S048,C39,3,6
S048,C36,2,6
S048,C33,3,6
S048,C26,3,7
S048,C48,3,7
S048,C45,5,7
S048,C47,2,7
S048,C46,3,7
S048,C31,4,8
S048,C41,2,8
S048,C38,3,8
S048,C32,3,8
S048,C44,2,8
S049,C02,4,1
S049,C01,2,1
S049,C03,1,1
S049,C04,4,2
S049,C06,5,2
S049,C05,4,2
S049,C07,3,2
S049,C10,3,3
S049,C11,4,3
S049,C08,3,3
S049,C14,3,3
S049,C12,2,3
S049,C13,3,4
S049,C16,2,4
S049,C18,4,4
S049,C09,3,4
S049,C15,3,4
S049,C23,4,5
S049,C17,2,5
S049,C19,3,5
S049,C26,2,5
S049,C32,3,5
S049,C31,3,6
S049,C38,4,6
S049,C24,4,6
S049,C27,2,6
S049,C30,4,6
S050,C01,3,1
S050,C03,3,1
S050,C02,3,1
S050,C07,3,2
S050,C04,3,2
S050,C05,4,2
S050,C06,3,2
S050,C12,3,3
S050,C08,3,3
S050,C10,4,3
S050,C11,3,3
S050,C14,3,3
S050,C16,4,4
S050,C13,3,4
S050,C09,4,4
S050,C19,3,4
S050,C18,3,4
S050,C22,5,5
S050,C26,3,5
S050,C15,2,5
S050,C17,3,5
S050,C24,4,5
S050,C32,5,6
S050,C33,3,6
S050,C21,5,6
S050,C31,2,6
S050,C41,4,6
S051,C02,3,1
S051,C01,3,1
S051,C03,2,1
S051,C06,4,2
S051,C07,3,2
S051,C04,3,2
S051,C05,3,2
S051,C10,3,3
S051,C14,4,3
S051,C08,4,3
S051,C13,3,3
S051,C12,2,3
S052,C01,3,1
S052,C02,4,1
S052,C03,3,1
S052,C04,4,2
S052,C05,4,2
S052,C07,3,2
S052,C06,2,2
S052,C12,5,3
S052,C08,4,3
S052,C11,4,3
S052,C10,3,3
S052,C13,2,3
S053,C03,2,1
S053,C02,4,1
S053,C01,2,1
S053,C06,3,2
S053,C07,3,2
S053,C04,4,2
S053,C05,2,2
S053,C11,2,3
S053,C14,3,3
S053,C10,2,3
S053,C08,2,3
S053,C12,4,3
S053,C13,3,4
S053,C19,2,4
S053,C15,3,4
S053,C09,2,4
S053,C16,3,4
S053,C24,4,5
S053,C34,4,5
S053,C26,2,5
S053,C23,3,5
S053,C22,4,5
S053,C38,2,6
S053,C29,4,6
S053,C30,3,6
S053,C39,4,6
S053,C20,3,6
S054,C01,3,1
S054,C02,3,1
S054,C03,4,1
S054,C06,2,2
S054,C04,3,2
S054,C07,4,2
S054,C05,2,2
S054,C14,3,3
S054,C13,3,3
S054,C08,4,3
S054,C10,2,3
S054,C12,2,3
S055,C02,2,1
S055,C03,3,1
S055,C01,2,1
S055,C04,4,2
S055,C05,3,2
S055,C06,4,2
S055,C07,3,2
S055,C08,3,3
S055,C12,3,3
S055,C14,3,3
S055,C10,2,3
S055,C11,2,3
S055,C09,3,4
S055,C19,4,4
S055,C15,2,4
S055,C18,3,4
S055,C13,2,4
S055,C33,3,5
S055,C17,4,5
S055,C34,2,5
S055,C25,2,5
S055,C32,3,5
S056,C02,4,1
S056,C03,5,1
S056,C01,4,1
S056,C06,4,2
S056,C07,4,2
S056,C04,3,2
S056,C05,3,2
S056,C10,4,3
S056,C13,4,3
S056,C08,4,3
S056,C11,3,3
S056,C14,3,3
S056,C09,4,4
S056,C18,3,4
S056,C16,3,4
S056,C19,3,4
S056,C23,2,4
S056,C24,3,5
S056,C33,3,5
S056,C22,4,5
S056,C25,3,5
S056,C34,2,5
S056,C39,3,6
S056,C26,3,6
S056,C30,2,6
S056,C29,3,6
S056,C38,4,6
S056,C35,3,7
S056,C48,3,7
S056,C44,4,7
S056,C36,2,7
S056,C31,3,7
S057,C02,3,1
S057,C01,1,1
S057,C03,4,1
S057,C05,4,2
S057,C04,2,2
S057,C06,2,2
S057,C07,1,2
S057,C08,3,3
S057,C12,2,3
S057,C10,3,3
S057,C09,3,3
S057,C14,4,3
S057,C11,3,4
S057,C18,3,4
S057,C13,3,4
S057,C15,3,4
S057,C24,3,4
S057,C34,4,5
S057,C23,3,5
S057,C21,4,5
S057,C26,3,5
S057,C17,4,5
S058,C03,4,1
S058,C02,3,1
S058,C01,4,1
S058,C07,4,2
S058,C04,4,2
S058,C06,4,2
S058,C05,4,2
S058,C08,3,3
S058,C10,2,3
S058,C11,3,3
S058,C09,3,3
S058,C13,3,3
S058,C15,2,4
S058,C26,5,4
S058,C16,2,4
S058,C23,4,4
S058,C19,3,4
S058,C33,5,5
S058,C20,2,5
S058,C21,3,5
S058,C29,3,5
S058,C24,2,5
S059,C01,3,1
S059,C03,2,1
S059,C02,3,1
S059,C07,3,2
S059,C04,5,2
S059,C05,4,2
S059,C06,2,2
S059,C10,2,3
S059,C08,4,3
S059,C12,3,3
S059,C13,3,3
S059,C11,3,3
S059,C09,3,4
S059,C19,3,4
S059,C16,3,4
S059,C15,3,4
S059,C18,3,4
S059,C17,3,5
S059,C23,3,5
S059,C20,3,5
S059,C24,2,5
S059,C21,3,5
S059,C28,1,6
S059,C30,2,6
S059,C29,3,6
S059,C38,2,6
S059,C32,3,6
S060,C01,5,1
S060,C02,3,1
S060,C03,3,1
S060,C05,4,2
S060,C04,4,2
S060,C06,2,2
S060,C07,3,2
S060,C14,4,3
S060,C08,4,3
S060,C10,3,3
S060,C11,2,3
S060,C12,3,3
S060,C16,4,4
S060,C09,3,4
S060,C19,3,4
S060,C13,2,4
S060,C15,3,4
S060,C21,3,5
S060,C23,3,5
S060,C34,4,5
S060,C17,3,5
S060,C27,5,5
S060,C32,3,6
S060,C33,1,6
S060,C35,2,6
S060,C30,5,6
S060,C38,3,6
S060,C39,4,7
S060,C29,4,7
S060,C37,3,7
S060,C44,3,7
S060,C46,4,7
S060,C48,2,8
S060,C47,3,8
S060,C45,4,8
S060,C40,4,8
S061,C03,4,1
S061,C01,3,1
S061,C02,3,1
S061,C07,5,2
S061,C05,2,2
S061,C04,3,2
S061,C06,2,2
S061,C13,4,3
S061,C12,3,3
S061,C14,5,3
S061,C11,3,3
S061,C08,3,3
S061,C23,4,4
S061,C26,4,4
S061,C19,4,4
S061,C09,3,4
S061,C18,3,4
S061,C31,4,5
S061,C17,4,5
S061,C25,4,5
S061,C24,3,5
S061,C34,3,5
S061,C38,4,6
S061,C39,4,6
S061,C30,2,6
S061,C29,2,6
S061,C33,3,6
S061,C45,4,7
S061,C48,3,7
S061,C46,3,7
S061,C40,2,7
S061,C37,2,7
S061,C41,4,8
S061,C44,4,8
S062,C01,4,1
S062,C02,3,1
S062,C03,2,1
S062,C04,4,2
S062,C05,4,2
S062,C06,5,2
S062,C07,3,2
S062,C08,5,3
S062,C13,3,3
S062,C10,3,3
S062,C12,3,3
S062,C14,4,3
S063,C02,3,1
S063,C03,4,1
S063,C01,3,1
S063,C06,3,2
S063,C05,2,2
S063,C07,4,2
S063,C04,2,2
S063,C08,2,3
S063,C10,4,3
S063,C13,5,3
S063,C11,4,3
S063,C09,3,3
S063,C12,3,4
S063,C16,3,4
S063,C26,4,4
S063,C14,3,4
S063,C22,3,4
S063,C34,3,5
S063,C31,2,5
S063,C33,3,5
S063,C24,3,5
S063,C23,4,5
S063,C30,2,6
S063,C39,4,6
S063,C19,3,6
S063,C29,3,6
S063,C38,4,6
S064,C01,2,1
S064,C03,2,1
S064,C02,3,1
S064,C07,2,2
S064,C04,2,2
S064,C05,3,2
S064,C06,3,2
S064,C10,3,3
S064,C11,4,3
S064,C08,3,3
S064,C12,3,3
S064,C09,3,3
S064,C14,3,4
S064,C15,4,4
S064,C19,5,4
S064,C17,3,4
S064,C13,3,4
S065,C01,5,1
S065,C03,3,1
S065,C02,3,1
S065,C07,3,2
S065,C05,3,2
S065,C04,4,2
S065,C06,2,2
S065,C13,3,3
S065,C08,5,3
S065,C14,4,3
S065,C12,3,3
S065,C09,3,3
S065,C11,3,4
S065,C19,3,4
S065,C23,3,4
S065,C10,4,4
S065,C18,2,4
S065,C22,3,5
S065,C34,4,5
S065,C16,3,5
S065,C25,3,5
S065,C26,3,5
S066,C02,3,1
S066,C03,2,1
S066,C01,4,1
S066,C05,3,2
S066,C04,2,2
S066,C07,2,2
S066,C06,4,2
S066,C10,4,3
S066,C12,3,3
S066,C08,2,3
S066,C14,3,3
S066,C13,3,3
S066,C16,3,4
S066,C18,4,4
S066,C09,2,4
S066,C15,2,4
S066,C23,3,4
S066,C17,4,5
S066,C21,1,5
S066,C34,2,5
S066,C30,3,5
S066,C20,2,5
S067,C01,2,1
S067,C02,3,1
S067,C03,2,1
S067,C04,3,2
S067,C05,3,2
S067,C06,3,2
S067,C07,3,2
S067,C14,4,3
S067,C11,2,3
S067,C10,2,3
S067,C12,2,3
S067,C13,4,3
S067,C15,2,4
S067,C23,3,4
S067,C16,3,4
S067,C26,4,4
S067,C08,3,4
S067,C20,2,5
S067,C30,3,5
S067,C32,4,5
S067,C29,4,5
S067,C31,5,5
S067,C34,3,6
S067,C27,2,6
S067,C33,3,6
S067,C39,5,6
S067,C19,3,6
S067,C42,3,7
S067,C47,2,7
S067,C40,3,7
S067,C46,3,7
S067,C45,5,7
S068,C02,4,1
S068,C01,3,1
S068,C03,4,1
S068,C04,3,2
S068,C07,2,2
S068,C06,4,2
S068,C05,3,2
S068,C10,4,3
S068,C12,3,3
S068,C11,2,3
S068,C08,1,3
S068,C09,2,3
S068,C18,5,4
S068,C15,2,4
S068,C24,1,4
S068,C22,2,4
S068,C19,3,4
S068,C13,2,5
S068,C16,4,5
S068,C32,3,5
S068,C14,3,5
S068,C20,2,5
S068,C21,3,6
S068,C27,3,6
S068,C35,2,6
S068,C34,3,6
S068,C33,2,6
S068,C47,3,7
S068,C38,2,7
S068,C23,2,7
S068,C36,3,7
S068,C39,3,7
S068,C45,2,8
S068,C44,3,8
S068,C42,3,8
S068,C48,3,8
S068,C46,2,8
S069,C02,3,1
S069,C01,3,1
S069,C03,4,1
S069,C07,3,2
S069,C04,3,2
S069,C06,3,2
S069,C05,3,2
S069,C09,3,3
S069,C12,3,3
S069,C08,2,3
S069,C10,4,3
S069,C11,2,3
S069,C17,3,4
S069,C14,4,4
S069,C18,3,4
S069,C15,3,4
S069,C16,2,4
S070,C03,4,1
S070,C02,4,1
S070,C01,2,1
S070,C07,4,2
S070,C05,3,2
S070,C06,4,2
S070,C04,2,2
S070,C13,4,3
S070,C12,3,3
S070,C11,4,3
S070,C10,3,3
S070,C09,2,3
S070,C16,3,4
S070,C23,3,4
S070,C15,4,4
S070,C17,1,4
S070,C26,5,4
S071,C03,2,1
S071,C02,2,1
S071,C01,2,1
S071,C06,3,2
S071,C07,3,2
S071,C05,2,2
S071,C04,2,2
S071,C08,4,3
S071,C11,3,3
S071,C13,4,3
S071,C09,3,3
S071,C12,2,3
S071,C24,3,4
S071,C26,3,4
S071,C17,3,4
S071,C18,2,4
S071,C14,2,4
S071,C23,3,5
S071,C10,3,5
S071,C33,5,5
S071,C25,4,5
S071,C31,3,5
S071,C29,4,6
S071,C30,4,6
S071,C34,3,6
S071,C19,3,6
S071,C38,4,6
S072,C02,2,1
S072,C01,2,1
S072,C03,2,1
S072,C04,3,2
S072,C06,3,2
S072,C07,3,2
S072,C05,2,2
S072,C09,4,3
S072,C14,3,3
S072,C12,2,3
S072,C08,4,3
S072,C13,3,3
S072,C17,3,4
S072,C19,3,4
S072,C10,3,4
S072,C11,4,4
S072,C18,4,4
S072,C16,5,5
S072,C22,4,5
S072,C23,1,5
S072,C34,3,5
S072,C15,4,5
S072,C32,4,6
S072,C27,4,6
S072,C20,4,6
S072,C36,4,6
S072,C35,4,6
S072,C30,3,7
S072,C33,4,7
S072,C48,4,7
S072,C42,3,7
S072,C45,3,7
S072,C28,3,8
S072,C47,5,8
S072,C38,2,8
S072,C39,3,8
S072,C44,2,8
S073,C01,4,1
S073,C03,2,1
S073,C02,2,1
S073,C07,3,2
S073,C06,3,2
S073,C04,4,2
S073,C05,3,2
S073,C14,3,3
S073,C09,3,3
S073,C13,2,3
S073,C10,4,3
S073,C12,3,3
S073,C08,2,4
S073,C15,4,4
S073,C16,2,4
S073,C17,3,4
S073,C24,2,4
S073,C19,5,5
S073,C21,3,5
S073,C23,3,5
S073,C27,4,5
S073,C20,4,5
S073,C32,3,6
S073,C34,3,6
S073,C30,3,6
S073,C18,3,6
S073,C22,1,6
S074,C01,3,1
S074,C02,3,1
S074,C03,4,1
S074,C04,3,2
S074,C06,2,2
S074,C07,3,2
S074,C05,3,2
S074,C09,4,3
S074,C08,2,3
S074,C10,3,3
S074,C11,2,3
S074,C12,4,3
S074,C19,4,4
S074,C22,4,4
S074,C16,5,4
S074,C18,3,4
S074,C15,4,4
S074,C20,4,5
S074,C21,4,5
S074,C27,4,5
S074,C32,4,5
S074,C17,3,5
S074,C35,4,6
S074,C36,3,6
S074,C28,4,6
S074,C24,3,6
S074,C14,1,6
S074,C34,4,7
S074,C42,3,7
S074,C47,4,7
S074,C48,3,7
S074,C45,3,7
S074,C39,3,8
S074,C44,2,8
S075,C03,4,1
S075,C01,3,1
S075,C02,3,1
S075,C04,4,2
S075,C05,4,2
S075,C07,3,2
S075,C06,3,2
S075,C09,4,3
S075,C08,3,3
S075,C13,3,3
S075,C10,3,3
S075,C11,3,3
S075,C22,3,4
S075,C24,3,4
S075,C18,2,4
S075,C16,3,4
S075,C23,4,4
S075,C30,5,5
S075,C25,3,5
S075,C26,4,5
S075,C12,2,5
S075,C29,5,5
S075,C38,2,6
S075,C19,3,6
S075,C40,5,6
S075,C36,3,6
S075,C33,3,6
S075,C35,2,7
S075,C44,5,7
S075,C46,4,7
S075,C48,3,7
S076,C01,3,1
S076,C03,3,1
S076,C02,3,1
S076,C06,2,2
S076,C05,3,2
S076,C07,3,2
S076,C04,2,2
S076,C08,2,3
S076,C12,3,3
S076,C10,2,3
S076,C11,4,3
S076,C13,3,3
S076,C23,4,4
S076,C18,4,4
S076,C15,3,4
S076,C09,4,4
S076,C26,2,4
S076,C14,3,5
S076,C32,3,5
S076,C29,5,5
S076,C33,4,5
S076,C30,4,5
S076,C27,3,6
S076,C40,4,6
S076,C19,3,6
S076,C22,3,6
S076,C39,3,6
S076,C48,3,7
S076,C36,4,7
S076,C46,5,7
S076,C38,2,7
S076,C34,3,7
S077,C01,3,1
S077,C03,3,1
S077,C02,3,1
S077,C04,3,2
S077,C07,4,2
S077,C06,4,2
S077,C05,3,2
S077,C08,3,3
S077,C11,5,3
S077,C13,4,3
S077,C12,3,3
S077,C09,5,3
S078,C02,3,1
S078,C03,3,1
S078,C01,4,1
S078,C06,3,2
S078,C04,2,2
S078,C05,3,2
S078,C07,2,2
S078,C08,3,3
S078,C12,3,3
S078,C10,3,3
S078,C09,4,3
S078,C14,2,3
S078,C19,3,4
S078,C17,3,4
S078,C15,3,4
S078,C13,3,4
S078,C16,3,4
S078,C23,4,5
S078,C22,2,5
S078,C34,4,5
S078,C24,2,5
S078,C21,2,5
S078,C35,4,6
S078,C29,2,6
S078,C30,4,6
S078,C27,3,6
S078,C39,3,6
S079,C01,3,1
S079,C03,3,1
S079,C02,4,1
S079,C04,3,2
S079,C05,5,2
S079,C07,3,2
S079,C06,4,2
S079,C09,4,3
S079,C08,5,3
S079,C10,3,3
S079,C13,4,3
S079,C12,3,3
S079,C23,4,4
S079,C17,2,4
S079,C14,3,4
S079,C16,4,4
S079,C22,4,4
S079,C19,3,5
S079,C30,3,5
S079,C24,2,5
S079,C15,3,5
S079,C29,2,5
S079,C35,2,6
S079,C36,2,6
S079,C21,3,6
S079,C32,4,6
S079,C27,3,6
S079,C46,3,7
S079,C34,3,7
S079,C44,3,7
S079,C40,2,7
S079,C47,4,7
S079,C38,3,8
S079,C45,3,8
S079,C39,3,8
S079,C37,3,8
S080,C02,4,1
S080,C01,3,1
S080,C03,3,1
S080,C07,4,2
S080,C04,5,2
S080,C05,5,2
S080,C06,4,2
S080,C09,3,3
S080,C08,4,3
S080,C13,2,3
S080,C14,4,3
S080,C12,4,3
S080,C24,3,4
S080,C10,4,4
S080,C23,3,4
S080,C11,2,4
S080,C19,3,4
S080,C26,3,5
S080,C30,3,5
S080,C34,4,5
S080,C29,2,5
S080,C15,2,5
S080,C33,3,6
S080,C17,3,6
S080,C18,3,6
S080,C39,3,6
S080,C35,3,6
S080,C37,4,7
S080,C46,3,7
S080,C44,4,7
S080,C31,3,7
S080,C48,2,7
S080,C45,4,8
S080,C47,3,8
S080,C32,3,8
S080,C38,3,8
S080,C43,3,8
S081,C01,1,1
S081,C02,4,1
S081,C03,3,1
S081,C04,4,2
S081,C06,4,2
S081,C07,4,2
S081,C05,2,2
S081,C13,3,3
S081,C09,4,3
S081,C12,3,3
S081,C11,2,3
S081,C10,3,3
S081,C16,4,4
S081,C23,3,4
S081,C15,4,4
S081,C17,3,4
S081,C22,4,4
S081,C20,4,5
S081,C32,4,5
S081,C24,4,5
S081,C27,4,5
S081,C26,4,5
S081,C28,4,6
S081,C33,2,6
S081,C36,5,6
S081,C21,3,6
S081,C30,3,6
S081,C44,3,7
S081,C41,3,7
S081,C42,4,7
S081,C37,3,7
S081,C47,3,7
S081,C38,4,8
S081,C46,1,8
S081,C48,3,8
S081,C29,4,8
S082,C01,4,1
S082,C02,3,1
S082,C03,1,1
S082,C04,3,2
S082,C06,5,2
S082,C05,4,2
S082,C07,4,2
S082,C08,4,3
S082,C11,3,3
S082,C14,3,3
S082,C10,5,3
S082,C09,4,3
S082,C19,5,4
S082,C18,3,4
S082,C12,4,4
S082,C13,3,4
S082,C24,3,4
S083,C03,2,1
S083,C01,3,1
S083,C02,3,1
S083,C06,2,2
S083,C04,3,2
S083,C07,2,2
S083,C05,3,2
S083,C09,3,3
S083,C12,2,3
S083,C10,2,3
S083,C14,3,3
S083,C11,3,3
S083,C08,3,4
S083,C17,3,4
S083,C15,3,4
S083,C16,3,4
S083,C13,2,4
S083,C23,4,5
S083,C18,2,5
S083,C21,2,5
S083,C32,3,5
S083,C20,3,5
S083,C22,2,6
S083,C30,4,6
S083,C39,4,6
S083,C29,4,6
S083,C34,4,6
S084,C03,4,1
S084,C02,3,1
S084,C01,2,1
S084,C07,4,2
S084,C06,4,2
S084,C04,3,2
S084,C05,3,2
S084,C12,5,3
S084,C13,5,3
S084,C14,3,3
S084,C10,4,3
S084,C11,4,3
S084,C15,3,4
S084,C23,4,4
S084,C09,3,4
S084,C08,4,4
S084,C26,4,4
S084,C24,4,5
S084,C16,4,5
S084,C30,4,5
S084,C34,3,5
S084,C19,2,5
S085,C01,3,1
S085,C03,3,1
S085,C02,4,1
S085,C04,3,2
S085,C05,4,2
S085,C06,2,2
S085,C07,3,2
S085,C08,3,3
S085,C10,4,3
S085,C12,2,3
S085,C11,3,3
S085,C09,5,3
S086,C02,5,1
S086,C03,3,1
S086,C01,2,1
S086,C06,4,2
S086,C07,3,2
S086,C05,3,2
S086,C04,2,2
S086,C09,2,3
S086,C10,4,3
S086,C08,3,3
S086,C11,3,3
S086,C13,3,3
S086,C16,4,4
S086,C24,4,4
S086,C15,3,4
S086,C19,2,4
S086,C18,4,4
S086,C25,2,5
S086,C21,4,5
S086,C32,4,5
S086,C26,2,5
S086,C22,5,5
S086,C20,4,6
S086,C14,2,6
S086,C36,4,6
S086,C35,2,6
S086,C27,3,6
S087,C02,4,1
S087,C01,2,1
S087,C03,3,1
S087,C06,4,2
S087,C07,3,2
S087,C04,3,2
S087,C05,3,2
S087,C10,5,3
S087,C14,3,3
S087,C08,2,3
S087,C12,3,3
S087,C11,3,3
S087,C13,4,4
S087,C16,3,4
S087,C18,3,4
S087,C15,1,4
S087,C09,4,4
S087,C22,2,5
S087,C23,2,5
S087,C34,3,5
S087,C24,3,5
S087,C27,3,5
S088,C02,3,1
S088,C03,3,1
S088,C01,3,1
S088,C07,3,2
S088,C06,4,2
S088,C04,3,2
S088,C05,2,2
S088,C10,5,3
S088,C12,4,3
S088,C08,3,3
S088,C09,3,3
S088,C11,2,3
S088,C15,3,4
S088,C18,4,4
S088,C19,3,4
S088,C13,2,4
S088,C22,4,4
S088,C23,4,5
S088,C32,4,5
S088,C26,3,5
S088,C24,4,5
S088,C33,3,5
S088,C30,4,6
S088,C27,3,6
S088,C36,3,6
S088,C25,2,6
S088,C29,4,6
S088,C46,4,7
S088,C40,4,7
S088,C38,2,7
S088,C48,4,7
S088,C21,3,7
S088,C47,4,8
S088,C44,2,8
S088,C35,3,8
S089,C01,4,1
S089,C03,5,1
S089,C02,3,1
S089,C06,3,2
S089,C07,4,2
S089,C05,4,2
S089,C04,5,2
S089,C09,3,3
S089,C11,4,3
S089,C10,3,3
S089,C13,4,3
S089,C12,3,3
S089,C17,5,4
S089,C15,3,4
S089,C23,3,4
S089,C26,4,4
S089,C08,4,4
S089,C32,3,5
S089,C21,3,5
S089,C24,4,5
S089,C29,3,5
S089,C30,4,5
S089,C22,3,6
S089,C20,2,6
S089,C38,4,6
S089,C33,3,6
S089,C40,2,6
S089,C36,4,7
S089,C37,2,7
S089,C19,3,7
S089,C41,5,7
S089,C48,4,7
S090,C01,3,1
S090,C02,4,1
S090,C03,3,1
S090,C04,3,2
S090,C07,4,2
S090,C06,4,2
S090,C05,1,2
S090,C13,2,3
S090,C12,3,3
S090,C10,3,3
S090,C11,2,3
S090,C09,4,3
S090,C16,4,4
S090,C23,4,4
S090,C15,2,4
S090,C17,2,4
S090,C14,4,4
S090,C24,3,5
S090,C30,3,5
S090,C34,3,5
S090,C32,3,5
S090,C27,2,5
S091,C02,3,1
S091,C01,2,1
S091,C03,3,1
S091,C04,2,2
S091,C07,2,2
S091,C06,3,2
S091,C05,2,2
S091,C13,4,3
S091,C14,4,3
S091,C08,3,3
S091,C09,3,3
S091,C11,3,3
S091,C12,3,4
S091,C23,5,4
S091,C18,2,4
S091,C19,4,4
S091,C26,4,4
S091,C17,2,5
S091,C30,3,5
S091,C24,4,5
S091,C29,4,5
S091,C34,5,5
S091,C37,4,6
S091,C33,3,6
S091,C39,4,6
S091,C40,3,6
S091,C31,4,6
S091,C45,4,7
S091,C46,4,7
S091,C44,3,7
S091,C41,2,7
S091,C48,3,7
S091,C38,4,8
S092,C03,2,1
S092,C02,3,1
S092,C01,4,1
S092,C07,3,2
S092,C06,3,2
S092,C04,3,2
S092,C05,1,2
S092,C12,4,3
S092,C10,3,3
S092,C14,3,3
S092,C09,3,3
S092,C08,4,3
S092,C17,4,4
S092,C15,3,4
S092,C24,5,4
S092,C13,3,4
S092,C16,3,4
S092,C19,3,5
S092,C34,3,5
S092,C23,4,5
S092,C20,2,5
S092,C32,3,5
S092,C30,5,6
S092,C29,4,6
S092,C21,4,6
S092,C39,4,6
S092,C28,3,6
S093,C03,3,1
S093,C02,2,1
S093,C01,3,1
S093,C05,5,2
S093,C07,5,2
S093,C06,4,2
S093,C04,5,2
S093,C11,3,3
S093,C12,3,3
S093,C09,3,3
S093,C13,3,3
S093,C08,2,3
S093,C17,3,4
S093,C19,5,4
S093,C26,5,4
S093,C18,3,4
S093,C10,4,4
S093,C15,3,5
S093,C25,3,5
S093,C22,3,5
S093,C33,4,5
S093,C16,2,5
S093,C20,5,6
S093,C38,2,6
S093,C24,2,6
S093,C32,3,6
S093,C27,3,6
S094,C02,4,1
S094,C01,5,1
S094,C03,2,1
S094,C04,3,2
S094,C05,4,2
S094,C06,3,2
S094,C07,4,2
S094,C08,4,3
S094,C09,3,3
S094,C10,4,3
S094,C11,3,3
S094,C12,2,3
S094,C19,4,4
S094,C15,4,4
S094,C13,3,4
S094,C17,2,4
S094,C24,4,4
S094,C27,4,5
S094,C20,4,5
S094,C23,3,5
S094,C21,2,5
S094,C33,1,5
S094,C32,3,6
S094,C28,4,6
S094,C30,3,6
S094,C18,3,6
S094,C35,3,6
S094,C42,3,7
S094,C44,4,7
S094,C38,3,7
S094,C46,2,7
S094,C29,2,7
S095,C01,2,1
S095,C03,2,1
S095,C02,4,1
S095,C06,5,2
S095,C04,4,2
S095,C07,1,2
S095,C05,3,2
S095,C14,2,3
S095,C10,3,3
S095,C08,4,3
S095,C13,3,3
S095,C12,3,3
S095,C15,3,4
S095,C23,3,4
S095,C19,4,4
S095,C18,4,4
S095,C16,4,4
S095,C20,3,5
S095,C32,3,5
S095,C27,4,5
S095,C25,2,5
S095,C29,4,5
S096,C03,2,1
S096,C02,2,1
S096,C01,3,1
S096,C06,1,2
S096,C05,3,2
S096,C04,3,2
S096,C07,4,2
S096,C14,3,3
S096,C09,5,3
S096,C10,3,3
S096,C12,3,3
S096,C11,2,3
S096,C17,3,4
S096,C16,4,4
S096,C22,3,4
S096,C15,4,4
S096,C13,3,4
S096,C21,5,5
S096,C20,4,5
S096,C32,3,5
S096,C34,3,5
S096,C23,4,5
S096,C36,3,6
S096,C29,3,6
S096,C26,4,6
S096,C27,3,6
S096,C33,2,6
S096,C45,3,7
S096,C44,3,7
S096,C47,3,7
S096,C42,4,7
S096,C48,2,7
S096,C40,2,8
S096,C38,3,8
S096,C46,2,8
S096,C30,3,8
S096,C39,4,8
S097,C01,2,1
S097,C03,3,1
S097,C02,3,1
S097,C04,4,2
S097,C07,3,2
S097,C06,3,2
S097,C05,2,2
S097,C14,4,3
S097,C12,3,3
S097,C10,2,3
S097,C11,4,3
S097,C08,3,3
S097,C18,3,4
S097,C15,3,4
S097,C19,2,4
S097,C09,4,4
S097,C13,4,4
S097,C20,3,5
S097,C24,4,5
S097,C25,4,5
S097,C34,4,5
S097,C16,3,5
S097,C23,2,6
S097,C35,4,6
S097,C38,2,6
S097,C39,5,6
S097,C32,3,6
S097,C28,4,7
S097,C33,3,7
S097,C48,3,7
S097,C27,3,7
S097,C45,4,7
S097,C42,3,8
S097,C29,3,8
S097,C30,2,8
S097,C46,4,8
S097,C47,3,8
S098,C03,4,1
S098,C02,4,1
S098,C01,3,1
S098,C05,3,2
S098,C06,2,2
S098,C07,4,2
S098,C04,2,2
S098,C11,4,3
S098,C08,3,3
S098,C13,3,3
S098,C09,3,3
S098,C12,2,3
S098,C26,3,4
S098,C23,2,4
S098,C24,2,4
S098,C19,3,4
S098,C14,2,4
S099,C01,4,1
S099,C03,5,1
S099,C02,3,1
S099,C04,5,2
S099,C07,3,2
S099,C05,4,2
S099,C06,4,2
S099,C14,3,3
S099,C11,3,3
S099,C13,4,3
S099,C12,3,3
S099,C08,3,3
S099,C26,5,4
S099,C23,4,4
S099,C18,2,4
S099,C09,2,4
S099,C19,3,4
S100,C02,3,1
S100,C03,3,1
S100,C01,3,1
S100,C06,4,2
S100,C04,3,2
S100,C07,3,2
S100,C05,4,2
S100,C10,3,3
S100,C12,3,3
S100,C11,3,3
S100,C08,1,3
S100,C13,4,3
S100,C18,4,4
S100,C14,3,4
S100,C09,4,4
S100,C16,4,4
S100,C15,1,4
S100,C24,3,5
S100,C26,3,5
S100,C22,3,5
S100,C23,3,5
S100,C32,3,5
S100,C39,2,6
S100,C36,2,6
S100,C21,3,6
S100,C34,2,6
S100,C31,3,6
S101,C02,2,1
S101,C01,2,1
S101,C03,3,1
S101,C07,3,2
S101,C04,3,2
S101,C06,3,2
S101,C05,2,2
S101,C12,5,3
S101,C09,3,3
S101,C10,2,3
S101,C14,4,3
S101,C13,3,3
S101,C17,3,4
S101,C24,4,4
S101,C16,3,4
S101,C22,1,4
S101,C23,3,4
S101,C34,3,5
S101,C30,3,5
S101,C08,2,5
S101,C29,2,5
S101,C11,4,5
S101,C26,3,6
S101,C19,2,6
S101,C39,3,6
S101,C40,2,6
S101,C33,2,6
S102,C01,3,1
S102,C03,3,1
S102,C02,3,1
S102,C04,3,2
S102,C06,3,2
S102,C05,3,2
S102,C07,4,2
S102,C12,3,3
S102,C11,3,3
S102,C09,3,3
S102,C08,3,3
S102,C13,3,3
S102,C17,4,4
S102,C24,4,4
S102,C18,2,4
S102,C23,4,4
S102,C26,4,4
S103,C01,2,1
S103,C02,4,1
S103,C03,4,1
S103,C06,4,2
S103,C07,4,2
S103,C04,2,2
S103,C05,3,2
S103,C11,4,3
S103,C10,5,3
S103,C12,4,3
S103,C09,3,3
S103,C13,5,3
S103,C14,2,4
S103,C15,3,4
S103,C17,4,4
S103,C26,4,4
S103,C16,2,4
S103,C31,4,5
S103,C32,3,5
S103,C21,4,5
S103,C08,2,5
S103,C24,3,5
S104,C03,4,1
S104,C02,4,1
S104,C01,2,1
S104,C06,3,2
S104,C04,3,2
S104,C07,3,2
S104,C05,4,2
S104,C09,4,3
S104,C13,3,3
S104,C10,4,3
S104,C12,3,3
S104,C11,3,3
S104,C14,3,4
S104,C22,4,4
S104,C08,2,4
S104,C15,4,4
S104,C26,3,4
S105,C03,3,1
S105,C02,3,1
S105,C01,2,1
S105,C06,4,2
S105,C07,2,2
S105,C04,2,2
S105,C05,2,2
S105,C09,3,3
S105,C12,3,3
S105,C11,3,3
S105,C08,4,3
S105,C10,4,3
S105,C17,4,4
S105,C24,3,4
S105,C14,3,4
S105,C16,2,4
S105,C15,3,4
S105,C13,4,5
S105,C18,3,5
S105,C32,3,5
S105,C22,3,5
S105,C20,2,5
S105,C34,2,6
S105,C36,3,6
S105,C38,3,6
S105,C23,3,6
S105,C21,3,6
S106,C01,3,1
S106,C02,4,1
S106,C03,4,1
S106,C06,5,2
S106,C05,3,2
S106,C07,3,2
S106,C04,2,2
S106,C12,3,3
S106,C13,3,3
S106,C10,4,3
S106,C11,3,3
S106,C09,3,3
S106,C26,3,4
S106,C24,4,4
S106,C14,3,4
S106,C17,4,4
S106,C22,3,4
S106,C23,3,5
S106,C33,3,5
S106,C31,2,5
S106,C08,3,5
S106,C16,2,5
S106,C36,1,6
S106,C38,3,6
S106,C41,4,6
S106,C19,2,6
S106,C15,2,6
S107,C01,3,1
S107,C03,3,1
S107,C02,2,1
S107,C07,2,2
S107,C06,4,2
S107,C04,3,2
S107,C05,3,2
S107,C14,3,3
S107,C10,3,3
S107,C12,3,3
S107,C11,1,3
S107,C08,2,3
S107,C15,3,4
S107,C19,4,4
S107,C09,3,4
S107,C16,3,4
S107,C13,2,4
S107,C24,4,5
S107,C21,3,5
S107,C32,3,5
S107,C18,3,5
S107,C17,4,5
S108,C03,4,1
S108,C01,3,1
S108,C02,5,1
S108,C06,3,2
S108,C04,3,2
S108,C07,3,2
S108,C05,4,2
S108,C13,4,3
S108,C11,4,3
S108,C08,3,3
S108,C10,3,3
S108,C12,4,3
S108,C19,3,4
S108,C23,2,4
S108,C15,2,4
S108,C26,4,4
S108,C14,3,4
S108,C09,3,5
S108,C30,3,5
S108,C32,3,5
S108,C33,5,5
S108,C20,2,5
S108,C39,3,6
S108,C35,2,6
S108,C17,2,6
S108,C21,4,6
S108,C38,3,6
S108,C46,3,7
S108,C47,2,7
S108,C34,2,7
S108,C41,3,7
S108,C31,3,7
S109,C02,2,1
S109,C01,2,1
S109,C03,3,1
S109,C06,3,2
S109,C07,3,2
S109,C05,2,2
S109,C04,3,2
S109,C11,3,3
S109,C09,3,3
S109,C14,2,3
S109,C10,4,3
S109,C12,3,3
S109,C17,3,4
S109,C13,1,4
S109,C24,4,4
S109,C15,4,4
S109,C08,2,4
S110,C02,5,1
S110,C03,3,1
S110,C01,3,1
S110,C06,3,2
S110,C04,3,2
S110,C07,2,2
S110,C05,3,2
S110,C08,3,3
S110,C10,4,3
S110,C12,3,3
S110,C09,3,3
S110,C13,2,3
S110,C17,4,4
S110,C19,2,4
S110,C14,2,4
S110,C18,3,4
S110,C24,4,4
S111,C03,3,1
S111,C01,3,1
S111,C02,2,1
S111,C04,5,2
S111,C06,2,2
S111,C07,3,2
S111,C05,4,2
S111,C12,3,3
S111,C10,3,3
S111,C13,3,3
S111,C08,4,3
S111,C11,1,3
S111,C15,2,4
S111,C23,4,4
S111,C19,3,4
S111,C16,1,4
S111,C14,3,4
S111,C33,3,5
S111,C29,3,5
S111,C32,3,5
S111,C30,4,5
S111,C26,4,5
S111,C31,4,6
S111,C27,3,6
S111,C40,3,6
S111,C38,5,6
S111,C20,2,6
S111,C46,3,7
S111,C39,4,7
S111,C45,3,7
S111,C28,3,7
S111,C47,2,7
S111,C44,4,8
S111,C48,4,8
S111,C43,2,8
S111,C42,3,8
S111,C35,3,8
S112,C02,3,1
S112,C03,2,1
S112,C01,3,1
S112,C05,2,2
S112,C04,3,2
S112,C07,3,2
S112,C06,3,2
S112,C14,3,3
S112,C10,2,3
S112,C09,2,3
S112,C11,3,3
S112,C12,3,3
S112,C15,3,4
S112,C08,3,4
S112,C22,3,4
S112,C16,2,4
S112,C13,3,4
S112,C32,3,5
S112,C20,3,5
S112,C24,3,5
S112,C34,3,5
S112,C23,5,5
S112,C38,3,6
S112,C30,5,6
S112,C29,4,6
S112,C36,3,6
S112,C28,2,6
S112,C27,3,7
S112,C40,3,7
S112,C48,3,7
S112,C45,3,7
S112,C39,4,7
S113,C01,5,1
S113,C03,5,1
S113,C02,4,1
S113,C05,3,2
S113,C07,5,2
S113,C04,4,2
S113,C06,4,2
S113,C13,5,3
S113,C10,4,3
S113,C09,4,3
S113,C08,3,3
S113,C14,2,3
S113,C16,2,4
S113,C19,4,4
S113,C18,3,4
S113,C11,4,4
S113,C24,3,4
S114,C02,5,1
S114,C01,2,1
S114,C03,3,1
S114,C06,3,2
S114,C04,4,2
S114,C07,2,2
S114,C05,4,2
S114,C10,5,3
S114,C09,3,3
S114,C11,4,3
S114,C12,2,3
S114,C14,3,3
S115,C01,2,1
S115,C02,4,1
S115,C03,2,1
S115,C07,3,2
S115,C06,2,2
S115,C04,3,2
S115,C05,2,2
S115,C09,4,3
S115,C11,4,3
S115,C14,2,3
S115,C10,4,3
S115,C12,2,3
S115,C15,5,4
S115,C17,3,4
S115,C24,3,4
S115,C16,4,4
S115,C13,3,4
S115,C20,5,5
S115,C32,3,5
S115,C22,4,5
S115,C27,4,5
S115,C23,1,5
S116,C02,4,1
S116,C03,2,1
S116,C01,4,1
S116,C04,3,2
S116,C06,5,2
S116,C07,4,2
S116,C05,3,2
S116,C10,4,3
S116,C09,4,3
S116,C14,3,3
S116,C12,2,3
S116,C08,3,3
S116,C18,3,4
S116,C16,4,4
S116,C17,5,4
S116,C15,4,4
S116,C19,4,4
S116,C27,4,5
S116,C21,2,5
S116,C20,3,5
S116,C11,3,5
S116,C24,3,5
S117,C03,3,1
S117,C01,3,1
S117,C02,3,1
S117,C07,4,2
S117,C04,3,2
S117,C06,3,2
S117,C05,3,2
S117,C08,3,3
S117,C12,4,3
S117,C09,4,3
S117,C13,4,3
S117,C10,3,3
S117,C17,4,4
S117,C23,4,4
S117,C22,3,4
S117,C15,2,4
S117,C11,3,4
S118,C01,3,1
S118,C03,3,1
S118,C02,2,1
S118,C05,4,2
S118,C06,3,2
S118,C07,5,2
S118,C04,4,2
S118,C08,4,3
S118,C10,3,3
S118,C14,3,3
S118,C12,3,3
S118,C11,4,3
S118,C13,4,4
S118,C15,2,4
S118,C19,3,4
S118,C18,2,4
S118,C16,3,4
S118,C25,4,5
S118,C27,3,5
S118,C33,4,5
S118,C26,3,5
S118,C23,3,5
S118,C38,5,6
S118,C31,3,6
S118,C29,3,6
S118,C34,3,6
S118,C39,2,6
S119,C03,2,1
S119,C01,3,1
S119,C02,4,1
S119,C04,3,2
S119,C06,2,2
S119,C07,3,2
S119,C05,2,2
S119,C14,3,3
S119,C13,2,3
S119,C11,3,3
S119,C10,3,3
S119,C09,4,3
S119,C16,4,4
S119,C15,5,4
S119,C22,4,4
S119,C12,3,4
S119,C08,3,4
S119,C27,4,5
S119,C17,3,5
S119,C19,4,5
S119,C21,5,5
S119,C32,3,5
S120,C03,3,1
S120,C01,3,1
S120,C02,2,1
S120,C07,4,2
S120,C06,3,2
S120,C05,1,2
S120,C04,4,2
S120,C14,3,3
S120,C11,3,3
S120,C09,3,3
S120,C13,3,3
S120,C12,4,3
S120,C26,3,4
S120,C10,4,4
S120,C08,3,4
S120,C17,3,4
S120,C23,2,4
S120,C29,2,5
S120,C33,4,5
S120,C31,2,5
S120,C30,3,5
S120,C24,2,5
S120,C34,3,6
S120,C40,2,6
S120,C22,3,6
S120,C19,2,6
S120,C38,4,6
S120,C46,2,7
S120,C48,5,7
S120,C41,2,7
S120,C39,3,7
S120,C35,1,7
S120,C44,4,8
S120,C36,2,8
S120,C45,3,8
S120,C37,3,8
S121,C01,5,1
S121,C03,2,1
S121,C02,4,1
S121,C04,5,2
S121,C05,5,2
S121,C06,3,2
S121,C07,2,2
S121,C13,3,3
S121,C09,3,3
S121,C08,4,3
S121,C10,4,3
S121,C11,3,3
S121,C19,4,4
S121,C12,2,4
S121,C14,3,4
S121,C18,3,4
S121,C16,3,4
S121,C15,3,5
S121,C23,3,5
S121,C24,4,5
S121,C22,4,5
S121,C25,3,5
S122,C03,2,1
S122,C01,2,1
S122,C02,3,1
S122,C04,3,2
S122,C05,3,2
S122,C07,2,2
S122,C06,3,2
S122,C12,4,3
S122,C09,5,3
S122,C08,3,3
S122,C13,3,3
S122,C10,3,3
S122,C14,3,4
S122,C22,4,4
S122,C17,4,4
S122,C16,4,4
S122,C15,4,4
S123,C03,2,1
S123,C01,2,1
S123,C02,3,1
S123,C07,2,2
S123,C06,2,2
S123,C04,3,2
S123,C05,2,2
S123,C08,4,3
S123,C10,3,3
S123,C09,3,3
S123,C12,3,3
S123,C11,3,3
S124,C03,4,1
S124,C01,3,1
S124,C02,3,1
S124,C05,3,2
S124,C07,4,2
S124,C04,2,2
S124,C06,3,2
S124,C14,2,3
S124,C11,4,3
S124,C08,3,3
S124,C13,3,3
S124,C10,3,3
S124,C26,5,4
S124,C12,3,4
S124,C18,2,4
S124,C09,4,4
S124,C16,3,4
S124,C31,1,5
S124,C33,4,5
S124,C23,2,5
S124,C25,4,5
S124,C22,4,5
S125,C02,4,1
S125,C03,2,1
S125,C01,4,1
S125,C06,2,2
S125,C07,3,2
S125,C04,3,2
S125,C05,3,2
S125,C13,2,3
S125,C09,3,3
S125,C08,4,3
S125,C10,4,3
S125,C11,4,3
S125,C15,3,4
S125,C19,3,4
S125,C14,3,4
S125,C18,4,4
S125,C23,2,4
S126,C01,5,1
S126,C03,4,1
S126,C02,3,1
S126,C04,4,2
S126,C05,4,2
S126,C07,3,2
S126,C06,3,2
S126,C11,2,3
S126,C08,2,3
S126,C09,4,3
S126,C14,2,3
S126,C12,3,3
S126,C10,2,4
S126,C19,3,4
S126,C13,2,4
S126,C17,3,4
S126,C18,2,4
S127,C03,4,1
S127,C02,4,1
S127,C01,3,1
S127,C06,2,2
S127,C07,5,2
S127,C05,3,2
S127,C04,3,2
S127,C14,3,3
S127,C13,4,3
S127,C11,4,3
S127,C08,3,3
S127,C12,4,3
S127,C26,4,4
S127,C09,2,4
S127,C19,2,4
S127,C10,3,4
S127,C18,1,4
S127,C25,3,5
S127,C24,5,5
S127,C15,2,5
S127,C22,3,5
S127,C33,5,5
S127,C38,4,6
S127,C32,3,6
S127,C31,3,6
S127,C17,4,6
S127,C20,2,6
S127,C41,3,7
S127,C43,3,7
S127,C48,4,7
S127,C44,3,7
S127,C34,3,7
S128,C01,3,1
S128,C03,3,1
S128,C02,3,1
S128,C06,2,2
S128,C07,3,2
S128,C05,3,2
S128,C04,3,2
S128,C10,3,3
S128,C14,2,3
S128,C11,3,3
S128,C12,2,3
S128,C09,3,3
S128,C24,2,4
S128,C15,3,4
S128,C13,2,4
S128,C22,2,4
S128,C17,2,4
S128,C23,3,5
S128,C20,2,5
S128,C34,3,5
S128,C26,4,5
S128,C16,4,5
S129,C02,5,1
S129,C03,3,1
S129,C01,3,1
S129,C06,3,2
S129,C04,4,2
S129,C07,4,2
S129,C05,2,2
S129,C09,4,3
S129,C08,2,3
S129,C12,4,3
S129,C10,4,3
S129,C14,4,3
S129,C16,5,4
S129,C24,3,4
S129,C18,4,4
S129,C19,3,4
S129,C22,4,4
S129,C34,2,5
S129,C17,2,5
S129,C25,1,5
S129,C13,3,5
S129,C15,1,5
S129,C32,4,6
S129,C36,3,6
S129,C38,3,6
S129,C23,3,6
S129,C21,4,6
S129,C20,2,7
S129,C46,3,7
S129,C45,2,7
S129,C35,2,7
S129,C29,2,7
S130,C02,4,1
S130,C01,3,1
S130,C03,3,1
S130,C06,3,2
S130,C04,3,2
S130,C05,3,2
S130,C07,2,2
S130,C09,3,3
S130,C12,2,3
S130,C08,2,3
S130,C10,2,3
S130,C11,4,3
S130,C22,3,4
S130,C18,3,4
S130,C16,4,4
S130,C17,3,4
S130,C14,2,4
S130,C24,4,5
S130,C15,3,5
S130,C34,3,5
S130,C19,2,5
S130,C13,2,5
S130,C36,5,6
S130,C23,5,6
S130,C21,4,6
S130,C20,2,6
S130,C32,2,6
S130,C30,4,7
S130,C46,4,7
S130,C27,3,7
S130,C48,3,7
S130,C47,4,7
S131,C01,4,1
S131,C02,2,1
S131,C03,4,1
S131,C05,3,2
S131,C06,3,2
S131,C07,3,2
S131,C04,4,2
S131,C14,4,3
S131,C08,3,3
S131,C12,3,3
S131,C09,4,3
S131,C11,2,3
S132,C01,3,1
S132,C02,4,1
S132,C03,2,1
S132,C05,4,2
S132,C06,5,2
S132,C04,4,2
S132,C07,3,2
S132,C08,3,3
S132,C11,2,3
S132,C10,3,3
S132,C09,3,3
S132,C12,3,3
S132,C18,3,4
S132,C15,3,4
S132,C14,3,4
S132,C24,2,4
S132,C19,3,4
S132,C17,1,5
S132,C25,3,5
S132,C21,2,5
S132,C13,3,5
S132,C27,2,5
S132,C32,4,6
S132,C26,3,6
S132,C20,2,6
S132,C16,2,6
S132,C38,3,6
S132,C44,5,7
S132,C23,4,7
S132,C42,2,7
S132,C39,3,7
S132,C45,4,7
S132,C30,3,8
S132,C34,2,8
S132,C41,3,8
S132,C46,3,8
S132,C48,3,8
S133,C02,4,1
S133,C03,3,1
S133,C01,4,1
S133,C06,4,2
S133,C07,4,2
S133,C05,3,2
S133,C04,2,2
S133,C10,4,3
S133,C09,2,3
S133,C11,3,3
S133,C12,2,3
S133,C14,4,3
S133,C24,3,4
S133,C08,3,4
S133,C15,5,4
S133,C17,2,4
S133,C13,4,4
S133,C21,3,5
S133,C20,3,5
S133,C27,4,5
S133,C19,4,5
S133,C33,2,5
S134,C02,3,1
S134,C01,3,1
S134,C03,3,1
S134,C04,5,2
S134,C06,5,2
S134,C05,3,2
S134,C07,4,2
S134,C10,4,3
S134,C08,4,3
S134,C11,2,3
S134,C14,4,3
S134,C12,2,3
S134,C19,3,4
S134,C18,3,4
S134,C15,3,4
S134,C13,3,4
S134,C16,2,4
S134,C20,2,5
S134,C23,3,5
S134,C34,2,5
S134,C25,3,5
S134,C32,3,5
S134,C30,3,6
S134,C27,3,6
S134,C33,2,6
S134,C26,3,6
S134,C29,3,6
S134,C39,3,7
S134,C38,3,7
S134,C35,2,7
S134,C47,2,7
S134,C42,2,7
S134,C31,3,8
S134,C46,3,8
S134,C44,2,8
S134,C45,3,8
S134,C48,2,8
S135,C03,2,1
S135,C01,3,1
S135,C02,3,1
S135,C06,4,2
S135,C04,3,2
S135,C07,2,2
S135,C05,3,2
S135,C09,4,3
S135,C11,2,3
S135,C12,5,3
S135,C08,2,3
S135,C13,1,3
S135,C10,3,4
S135,C14,4,4
S135,C23,3,4
S135,C19,3,4
S135,C24,3,4
S135,C22,4,5
S135,C16,4,5
S135,C26,3,5
S135,C15,3,5
S135,C33,2,5
S135,C39,2,6
S135,C27,3,6
S135,C36,4,6
S135,C32,3,6
S135,C20,4,6
S135,C29,3,7
S135,C44,2,7
S135,C47,3,7
S135,C45,3,7
S135,C42,3,7
S135,C48,3,8
S135,C31,3,8
S135,C35,3,8
S135,C40,2,8
S135,C28,3,8
S136,C02,4,1
S136,C01,3,1
S136,C03,3,1
S136,C06,4,2
S136,C07,2,2
S136,C04,2,2
S136,C05,2,2
S136,C13,2,3
S136,C10,4,3
S136,C08,3,3
S136,C12,3,3
S136,C11,3,3
S136,C15,3,4
S136,C09,2,4
S136,C19,2,4
S136,C23,2,4
S136,C14,3,4
S136,C24,2,5
S136,C21,5,5
S136,C22,3,5
S136,C18,4,5
S136,C20,2,5
S136,C26,2,6
S136,C33,3,6
S136,C38,2,6
S136,C34,3,6
S136,C32,3,6
S136,C36,4,7
S136,C30,4,7
S136,C27,2,7
S136,C46,2,7
S136,C25,2,7
S137,C02,2,1
S137,C03,3,1
S137,C01,3,1
S137,C07,3,2
S137,C06,2,2
S137,C04,3,2
S137,C05,2,2
S137,C11,3,3
S137,C12,5,3
S137,C08,3,3
S137,C09,3,3
S137,C14,3,3
S138,C02,4,1
S138,C03,3,1
S138,C01,1,1
S138,C06,4,2
S138,C04,3,2
S138,C07,3,2
S138,C05,2,2
S138,C08,2,3
S138,C10,4,3
S138,C12,2,3
S138,C13,3,3
S138,C09,3,3
S139,C02,4,1
S139,C01,3,1
S139,C03,3,1
S139,C06,4,2
S139,C04,4,2
S139,C05,3,2
S139,C07,4,2
S139,C09,3,3
S139,C11,3,3
S139,C10,4,3
S139,C12,3,3
S139,C08,1,3
S139,C14,2,4
S139,C13,2,4
S139,C18,4,4
S139,C17,2,4
S139,C15,3,4
S139,C16,3,5
S139,C25,3,5
S139,C21,2,5
S139,C32,2,5
S139,C19,3,5
S139,C34,4,6
S139,C23,2,6
S139,C33,3,6
S139,C26,3,6
S139,C24,2,6
S139,C41,3,7
S139,C38,3,7
S139,C20,2,7
S139,C46,5,7
S139,C39,3,7
S140,C01,2,1
S140,C03,2,1
S140,C02,3,1
S140,C05,3,2
S140,C06,3,2
S140,C04,3,2
S140,C07,3,2
S140,C08,3,3
S140,C14,3,3
S140,C12,4,3
S140,C11,3,3
S140,C09,3,3
S140,C17,3,4
S140,C24,4,4
S140,C19,3,4
S140,C10,3,4
S140,C18,2,4
S140,C25,3,5
S140,C22,3,5
S140,C13,2,5
S140,C34,2,5
S140,C15,4,5
S140,C26,3,6
S140,C27,2,6
S140,C21,5,6
S140,C39,2,6
S140,C16,2,6
S141,C03,5,1
S141,C02,3,1
S141,C01,3,1
S141,C06,3,2
S141,C04,1,2
S141,C07,4,2
S141,C05,2,2
S141,C13,4,3
S141,C10,3,3
S141,C08,2,3
S141,C11,3,3
S141,C12,3,3
S141,C14,3,4
S141,C15,4,4
S141,C26,5,4
S141,C19,4,4
S141,C23,4,4
S141,C34,2,5
S141,C20,3,5
S141,C33,3,5
S141,C32,3,5
S141,C30,2,5
S142,C02,3,1
S142,C03,3,1
S142,C01,3,1
S142,C07,3,2
S142,C04,4,2
S142,C05,3,2
S142,C06,3,2
S142,C08,4,3
S142,C11,4,3
S142,C14,4,3
S142,C10,3,3
S142,C09,3,3
S142,C16,3,4
S142,C13,4,4
S142,C15,3,4
S142,C19,3,4
S142,C18,3,4
S142,C33,4,5
S142,C23,2,5
S142,C26,4,5
S142,C21,3,5
S142,C22,3,5
S143,C01,2,1
S143,C03,2,1
S143,C02,4,1
S143,C07,2,2
S143,C04,3,2
S143,C06,4,2
S143,C05,2,2
S143,C08,3,3
S143,C10,4,3
S143,C14,2,3
S143,C09,2,3
S143,C11,3,3
S143,C13,4,4
S143,C19,2,4
S143,C15,3,4
S143,C12,2,4
S143,C16,2,4
S143,C17,4,5
S143,C20,4,5
S143,C23,5,5
S143,C33,2,5
S143,C21,3,5
S143,C29,3,6
S143,C32,4,6
S143,C27,3,6
S143,C30,4,6
S143,C34,3,6
S144,C03,2,1
S144,C02,3,1
S144,C01,3,1
S144,C06,5,2
S144,C05,3,2
S144,C04,2,2
S144,C07,3,2
S144,C14,3,3
S144,C08,3,3
S144,C12,3,3
S144,C11,3,3
S144,C10,4,3
S144,C15,2,4
S144,C13,2,4
S144,C09,4,4
S144,C18,2,4
S144,C16,3,4
S145,C01,4,1
S145,C02,3,1
S145,C03,3,1
S145,C04,3,2
S145,C07,3,2
S145,C05,4,2
S145,C06,2,2
S145,C10,2,3
S145,C13,3,3
S145,C08,3,3
S145,C14,2,3
S145,C12,3,3
S146,C03,3,1
S146,C02,4,1
S146,C01,4,1
S146,C04,2,2
S146,C07,3,2
S146,C06,3,2
S146,C05,3,2
S146,C12,4,3
S146,C09,4,3
S146,C13,3,3
S146,C10,2,3
S146,C08,3,3
S146,C22,4,4
S146,C18,2,4
S146,C24,4,4
S146,C17,3,4
S146,C14,2,4
S146,C34,3,5
S146,C23,4,5
S146,C25,1,5
S146,C16,5,5
S146,C19,3,5
S146,C29,4,6
S146,C30,5,6
S146,C36,4,6
S146,C39,5,6
S146,C38,3,6
S147,C01,2,1
S147,C03,2,1
S147,C02,3,1
S147,C06,3,2
S147,C07,2,2
S147,C05,2,2
S147,C04,3,2
S147,C12,3,3
S147,C14,2,3
S147,C09,4,3
S147,C08,2,3
S147,C10,3,3
S147,C17,4,4
S147,C11,4,4
S147,C13,3,4
S147,C24,4,4
S147,C16,3,4
S147,C33,3,5
S147,C22,3,5
S147,C15,3,5
S147,C19,3,5
S147,C26,2,5
S147,C27,3,6
S147,C36,4,6
S147,C32,4,6
S147,C21,3,6
S147,C31,3,6
S148,C03,3,1
S148,C01,3,1
S148,C02,3,1
S148,C06,3,2
S148,C07,5,2
S148,C04,3,2
S148,C05,3,2
S148,C14,4,3
S148,C12,2,3
S148,C11,4,3
S148,C08,4,3
S148,C13,4,3
S148,C26,4,4
S148,C18,1,4
S148,C19,4,4
S148,C09,3,4
S148,C10,4,4
S149,C03,4,1
S149,C02,3,1
S149,C01,2,1
S149,C06,3,2
S149,C07,4,2
S149,C04,2,2
S149,C05,3,2
S149,C11,3,3
S149,C13,4,3
S149,C12,3,3
S149,C09,3,3
S149,C08,2,3
S149,C14,2,4
S149,C10,3,4
S149,C26,4,4
S149,C23,4,4
S149,C17,3,4
S149,C30,2,5
S149,C33,4,5
S149,C15,2,5
S149,C22,3,5
S149,C31,3,5
S149,C38,5,6
S149,C19,3,6
S149,C29,3,6
S149,C21,3,6
S149,C27,2,6
S149,C40,2,7
S149,C34,2,7
S149,C46,3,7
S149,C36,3,7
S149,C48,4,7
S149,C39,4,8
S149,C47,2,8
S149,C32,2,8
S149,C45,4,8
S149,C43,3,8
S150,C02,4,1
S150,C03,3,1
S150,C01,2,1
S150,C07,4,2
S150,C06,2,2
S150,C04,3,2
S150,C05,3,2
S150,C08,2,3
S150,C14,4,3
S150,C12,2,3
S150,C10,3,3
S150,C09,3,3
S150,C19,4,4
S150,C22,3,4
S150,C16,4,4
S150,C13,2,4
S150,C15,5,4
S150,C32,3,5
S150,C20,3,5
S150,C24,4,5
S150,C21,4,5
S150,C27,4,5
S150,C35,5,6
S150,C34,5,6
S150,C36,3,6
S150,C28,3,6
S150,C23,2,6
S151,C03,1,1
S151,C02,2,1
S151,C01,2,1
S151,C04,3,2
S151,C06,3,2
S151,C07,2,2
S151,C05,3,2
S151,C11,4,3
S151,C08,3,3
S151,C14,3,3
S151,C12,2,3
S151,C10,3,3
S151,C15,4,4
S151,C19,3,4
S151,C16,2,4
S151,C13,2,4
S151,C09,2,4
S151,C27,4,5
S151,C23,3,5
S151,C32,3,5
S151,C33,3,5
S151,C34,4,5
S151,C30,3,6
S151,C39,3,6
S151,C38,3,6
S151,C35,4,6
S151,C24,3,6
S151,C45,4,7
S151,C46,3,7
S151,C26,3,7
S151,C20,4,7
S151,C29,3,7
S152,C02,4,1
S152,C01,2,1
S152,C03,3,1
S152,C05,3,2
S152,C06,3,2
S152,C07,3,2
S152,C04,3,2
S152,C11,3,3
S152,C13,3,3
S152,C10,3,3
S152,C08,3,3
S152,C12,3,3
S152,C23,3,4
S152,C19,3,4
S152,C15,3,4
S152,C18,2,4
S152,C14,3,4
S153,C02,4,1
S153,C03,3,1
S153,C01,4,1
S153,C04,4,2
S153,C07,3,2
S153,C05,5,2
S153,C06,3,2
S153,C13,4,3
S153,C08,4,3
S153,C09,4,3
S153,C11,3,3
S153,C10,4,3
S153,C26,5,4
S153,C16,2,4
S153,C22,3,4
S153,C24,3,4
S153,C12,4,4
S153,C33,4,5
S153,C15,2,5
S153,C17,3,5
S153,C23,4,5
S153,C19,3,5
S154,C02,3,1
S154,C01,3,1
S154,C03,2,1
S154,C04,3,2
S154,C07,2,2
S154,C06,3,2
S154,C05,2,2
S154,C11,2,3
S154,C12,3,3
S154,C10,3,3
S154,C13,3,3
S154,C08,3,3
S154,C19,4,4
S154,C23,3,4
S154,C15,5,4
S154,C14,3,4
S154,C26,3,4
S154,C20,5,5
S154,C30,4,5
S154,C31,2,5
S154,C27,4,5
S154,C29,5,5
S154,C40,4,6
S154,C34,3,6
S154,C38,3,6
S154,C32,3,6
S154,C35,4,6
S154,C43,4,7
S154,C42,4,7
S154,C28,5,7
S154,C46,5,7
S154,C47,3,7
S154,C48,3,8
S154,C44,4,8
S154,C45,3,8
S154,C33,3,8
S154,C39,2,8
S155,C03,3,1
S155,C02,2,1
S155,C01,2,1
S155,C07,4,2
S155,C04,3,2
S155,C06,4,2
S155,C05,2,2
S155,C13,4,3
S155,C14,5,3
S155,C11,3,3
S155,C12,4,3
S155,C09,3,3
S155,C24,3,4
S155,C26,3,4
S155,C23,2,4
S155,C10,2,4
S155,C08,3,4
S155,C19,3,5
S155,C33,5,5
S155,C17,4,5
S155,C34,4,5
S155,C22,2,5
S156,C03,5,1
S156,C02,2,1
S156,C01,3,1
S156,C06,3,2
S156,C04,3,2
S156,C07,5,2
S156,C05,3,2
S156,C08,3,3
S156,C14,4,3
S156,C12,2,3
S156,C11,4,3
S156,C10,3,3
S156,C15,5,4
S156,C19,4,4
S156,C13,4,4
S156,C18,3,4
S156,C16,2,4
S156,C25,4,5
S156,C20,3,5
S156,C33,3,5
S156,C26,4,5
S156,C27,3,5
S156,C34,5,6
S156,C31,5,6
S156,C39,4,6
S156,C35,3,6
S156,C28,3,6
S157,C03,4,1
S157,C02,3,1
S157,C01,4,1
S157,C04,4,2
S157,C07,4,2
S157,C05,4,2
S157,C06,2,2
S157,C08,4,3
S157,C13,3,3
S157,C10,4,3
S157,C09,3,3
S157,C11,4,3
S157,C18,3,4
S157,C19,4,4
S157,C24,3,4
S157,C26,5,4
S157,C23,1,4
S157,C22,2,5
S157,C14,2,5
S157,C33,4,5
S157,C25,4,5
S157,C15,3,5
S157,C32,3,6
S157,C29,3,6
S157,C30,2,6
S157,C38,4,6
S157,C16,4,6
S157,C45,3,7
S157,C34,3,7
S157,C36,3,7
S157,C46,3,7
S157,C35,2,7
S158,C03,2,1
S158,C01,4,1
S158,C02,3,1
S158,C04,3,2
S158,C06,2,2
S158,C07,3,2
S158,C05,3,2
S158,C09,4,3
S158,C08,2,3
S158,C12,3,3
S158,C11,4,3
S158,C14,2,3
S158,C13,3,4
S158,C18,3,4
S158,C17,3,4
S158,C19,3,4
S158,C24,3,4
S158,C23,3,5
S158,C34,2,5
S158,C25,3,5
S158,C33,3,5
S158,C26,3,5
S158,C30,4,6
S158,C38,4,6
S158,C29,3,6
S158,C41,3,6
S158,C31,3,6
S158,C45,3,7
S158,C39,2,7
S158,C46,2,7
S158,C37,4,7
S158,C40,4,7
S159,C02,5,1
S159,C03,3,1
S159,C01,3,1
S159,C06,4,2
S159,C04,3,2
S159,C07,4,2
S159,C05,3,2
S159,C09,4,3
S159,C10,5,3
S159,C08,3,3
S159,C12,4,3
S159,C11,2,3
S159,C15,4,4
S159,C19,3,4
S159,C16,4,4
S159,C14,3,4
S159,C18,3,4
S159,C24,3,5
S159,C34,3,5
S159,C32,3,5
S159,C25,3,5
S159,C22,3,5
S160,C01,4,1
S160,C03,4,1
S160,C02,2,1
S160,C07,5,2
S160,C06,3,2
S160,C05,2,2
S160,C04,5,2
S160,C11,4,3
S160,C08,4,3
S160,C09,2,3
S160,C12,3,3
S160,C13,4,3
S160,C10,3,4
S160,C18,2,4
S160,C14,4,4
S160,C19,4,4
S160,C17,4,4
S160,C25,4,5
S160,C33,3,5
S160,C24,3,5
S160,C26,5,5
S160,C16,4,5
S160,C23,2,6
S160,C41,2,6
S160,C22,3,6
S160,C39,2,6
S160,C31,3,6
S160,C38,4,7
S160,C36,2,7
S160,C35,1,7
S160,C44,3,7
S160,C30,2,7
S161,C02,3,1
S161,C03,5,1
S161,C01,2,1
S161,C07,5,2
S161,C06,4,2
S161,C05,5,2
S161,C04,2,2
S161,C12,3,3
S161,C13,5,3
S161,C10,4,3
S161,C09,3,3
S161,C08,3,3
S161,C16,3,4
S161,C15,3,4
S161,C23,4,4
S161,C14,3,4
S161,C11,4,4
S161,C27,2,5
S161,C32,4,5
S161,C33,4,5
S161,C26,4,5
S161,C18,3,5
S162,C01,3,1
S162,C02,2,1
S162,C03,3,1
S162,C07,5,2
S162,C04,2,2
S162,C06,2,2
S162,C05,4,2
S162,C09,3,3
S162,C08,1,3
S162,C10,3,3
S162,C13,4,3
S162,C11,4,3
S162,C23,4,4
S162,C26,4,4
S162,C19,2,4
S162,C15,3,4
S162,C12,2,4
S162,C21,3,5
S162,C24,2,5
S162,C33,4,5
S162,C29,4,5
S162,C27,3,5
S163,C01,3,1
S163,C03,3,1
S163,C02,4,1
S163,C05,3,2
S163,C07,3,2
S163,C06,2,2
S163,C04,3,2
S163,C08,2,3
S163,C11,2,3
S163,C09,4,3
S163,C14,3,3
S163,C12,3,3
S163,C13,1,4
S163,C17,2,4
S163,C19,3,4
S163,C18,2,4
S163,C24,3,4
S164,C01,4,1
S164,C02,2,1
S164,C03,3,1
S164,C04,4,2
S164,C05,3,2
S164,C07,2,2
S164,C06,4,2
S164,C10,2,3
S164,C09,4,3
S164,C08,4,3
S164,C12,3,3
S164,C14,3,3
S164,C16,3,4
S164,C22,2,4
S164,C17,2,4
S164,C24,3,4
S164,C13,2,4
S164,C23,2,5
S164,C19,2,5
S164,C18,3,5
S164,C34,3,5
S164,C15,1,5
S164,C32,4,6
S164,C21,3,6
S164,C30,2,6
S164,C38,4,6
S164,C35,2,6
S164,C37,2,7
S164,C44,4,7
S164,C36,3,7
S164,C47,4,7
S164,C45,3,7
S165,C03,4,1
S165,C02,3,1
S165,C01,2,1
S165,C07,4,2
S165,C06,5,2
S165,C04,2,2
S165,C05,3,2
S165,C10,4,3
S165,C13,4,3
S165,C12,3,3
S165,C11,4,3
S165,C14,3,3
S165,C16,2,4
S165,C23,4,4
S165,C08,2,4
S165,C26,5,4
S165,C15,3,4
S165,C20,2,5
S165,C33,3,5
S165,C31,4,5
S165,C34,3,5
S165,C18,3,5
S165,C30,2,6
S165,C38,4,6
S165,C25,3,6
S165,C28,1,6
S165,C39,2,6
S166,C02,2,1
S166,C03,3,1
S166,C01,3,1
S166,C06,4,2
S166,C04,3,2
S166,C07,3,2
S166,C05,4,2
S166,C09,5,3
S166,C10,3,3
S166,C12,4,3
S166,C08,3,3
S166,C11,3,3
S167,C02,4,1
S167,C01,3,1
S167,C03,3,1
S167,C04,4,2
S167,C05,3,2
S167,C07,2,2
S167,C06,4,2
S167,C12,4,3
S167,C10,3,3
S167,C14,4,3
S167,C13,4,3
S167,C09,3,3
S167,C24,3,4
S167,C17,5,4
S167,C22,2,4
S167,C23,3,4
S167,C11,3,4
S167,C30,3,5
S167,C29,3,5
S167,C26,3,5
S167,C34,4,5
S167,C33,3,5
S167,C31,4,6
S167,C39,4,6
S167,C36,2,6
S167,C15,4,6
S167,C38,3,6
S167,C44,3,7
S167,C45,5,7
S167,C43,3,7
S167,C47,3,7
S167,C48,3,7
S168,C03,2,1
S168,C01,2,1
S168,C02,3,1
S168,C07,3,2
S168,C05,4,2
S168,C04,3,2
S168,C06,3,2
S168,C09,4,3
S168,C14,4,3
S168,C08,2,3
S168,C10,2,3
S168,C11,2,3
S168,C16,3,4
S168,C18,3,4
S168,C22,4,4
S168,C24,3,4
S168,C13,4,4
S168,C23,2,5
S168,C33,3,5
S168,C26,3,5
S168,C19,3,5
S168,C25,2,5
S168,C30,2,6
S168,C34,3,6
S168,C39,4,6
S168,C38,4,6
S168,C31,3,6
S169,C03,2,1
S169,C01,3,1
S169,C02,3,1
S169,C07,3,2
S169,C04,4,2
S169,C06,3,2
S169,C05,4,2
S169,C14,2,3
S169,C10,3,3
S169,C08,3,3
S169,C09,2,3
S169,C12,3,3
S169,C13,2,4
S169,C11,5,4
S169,C24,3,4
S169,C19,3,4
S169,C15,3,4
S169,C23,4,5
S169,C26,1,5
S169,C17,3,5
S169,C34,2,5
S169,C20,2,5
S169,C39,4,6
S169,C22,3,6
S169,C33,4,6
S169,C30,5,6
S169,C21,3,6
S169,C37,4,7
S169,C36,2,7
S169,C27,2,7
S169,C44,3,7
S169,C41,2,7
S169,C46,4,8
S169,C35,3,8
S169,C45,3,8
S169,C42,2,8
S169,C47,3,8
S170,C02,3,1
S170,C01,3,1
S170,C03,3,1
S170,C06,3,2
S170,C07,2,2
S170,C05,4,2
S170,C04,3,2
S170,C12,3,3
S170,C08,4,3
S170,C09,3,3
S170,C11,3,3
S170,C14,3,3
S170,C19,4,4
S170,C17,4,4
S170,C18,2,4
S170,C10,3,4
S170,C24,4,4
S170,C15,4,5
S170,C25,2,5
S170,C16,3,5
S170,C13,3,5
S170,C22,2,5
S171,C03,3,1
S171,C01,3,1
S171,C02,4,1
S171,C07,2,2
S171,C04,3,2
S171,C06,3,2
S171,C05,4,2
S171,C12,4,3
S171,C13,3,3
S171,C09,4,3
S171,C11,3,3
S171,C14,3,3
S171,C17,5,4
S171,C08,4,4
S171,C24,3,4
S171,C23,2,4
S171,C10,3,4
S171,C26,4,5
S171,C19,4,5
S171,C29,3,5
S171,C15,2,5
S171,C16,3,5
S171,C41,4,6
S171,C30,3,6
S171,C33,3,6
S171,C31,4,6
S171,C32,3,6
S171,C47,2,7
S171,C40,2,7
S171,C38,3,7
S171,C20,2,7
S171,C27,2,7
S171,C43,2,8
S171,C42,2,8
S171,C39,3,8
S171,C45,2,8
S171,C46,3,8
S172,C02,2,1
S172,C01,2,1
S172,C03,3,1
S172,C06,3,2
S172,C04,4,2
S172,C05,3,2
S172,C07,2,2
S172,C09,2,3
S172,C08,3,3
S172,C13,2,3
S172,C12,5,3
S172,C10,3,3
S173,C01,4,1
S173,C03,4,1
S173,C02,3,1
S173,C06,3,2
S173,C04,3,2
S173,C07,4,2
S173,C05,4,2
S173,C13,3,3
S173,C08,3,3
S173,C09,4,3
S173,C12,3,3
S173,C11,4,3
S173,C26,4,4
S173,C17,2,4
S173,C23,2,4
S173,C14,4,4
S173,C19,3,4
S173,C24,2,5
S173,C31,3,5
S173,C33,4,5
S173,C34,2,5
S173,C10,3,5
S173,C30,2,6
S173,C38,5,6
S173,C22,3,6
S173,C29,2,6
S173,C16,5,6
S173,C46,1,7
S173,C41,3,7
S173,C40,2,7
S173,C37,3,7
S173,C36,4,7
S174,C02,3,1
S174,C03,3,1
S174,C01,3,1
S174,C04,4,2
S174,C07,2,2
S174,C06,3,2
S174,C05,3,2
S174,C10,4,3
S174,C14,5,3
S174,C08,3,3
S174,C13,2,3
S174,C09,4,3
S174,C19,3,4
S174,C15,2,4
S174,C24,2,4
S174,C12,2,4
S174,C11,3,4
S174,C21,3,5
S174,C34,4,5
S174,C23,3,5
S174,C22,3,5
S174,C26,3,5
S174,C31,5,6
S174,C38,4,6
S174,C20,3,6
S174,C27,2,6
S174,C32,3,6
S175,C03,2,1
S175,C01,2,1
S175,C02,3,1
S175,C06,3,2
S175,C04,3,2
S175,C07,2,2
S175,C05,3,2
S175,C14,2,3
S175,C12,3,3
S175,C08,3,3
S175,C11,2,3
S175,C10,3,3
S176,C02,3,1
S176,C03,2,1
S176,C01,3,1
S176,C07,3,2
S176,C05,3,2
S176,C04,2,2
S176,C06,4,2
S176,C10,2,3
S176,C14,4,3
S176,C08,2,3
S176,C12,3,3
S176,C11,3,3
S176,C09,3,4
S176,C18,2,4
S176,C15,2,4
S176,C16,3,4
S176,C13,3,4
S176,C24,3,5
S176,C32,2,5
S176,C25,1,5
S176,C34,3,5
S176,C21,2,5
S176,C39,4,6
S176,C33,3,6
S176,C19,4,6
S176,C27,3,6
S176,C38,3,6
S176,C45,5,7
S176,C23,2,7
S176,C26,3,7
S176,C35,2,7
S176,C44,3,7
S177,C03,3,1
S177,C01,3,1
S177,C02,2,1
S177,C07,3,2
S177,C04,3,2
S177,C06,2,2
S177,C05,3,2
S177,C08,3,3
S177,C10,2,3
S177,C13,3,3
S177,C12,2,3
S177,C14,3,3
S177,C23,2,4
S177,C16,3,4
S177,C19,3,4
S177,C18,1,4
S177,C11,3,4
S178,C01,4,1
S178,C02,4,1
S178,C03,3,1
S178,C05,5,2
S178,C07,3,2
S178,C04,5,2
S178,C06,3,2
S178,C08,4,3
S178,C10,4,3
S178,C09,4,3
S178,C13,3,3
S178,C14,3,3
S179,C03,3,1
S179,C02,2,1
S179,C01,3,1
S179,C07,3,2
S179,C04,3,2
S179,C06,2,2
S179,C05,3,2
S179,C11,4,3
S179,C13,4,3
S179,C09,2,3
S179,C10,4,3
S179,C12,3,3
S179,C15,4,4
S179,C23,3,4
S179,C26,4,4
S179,C24,4,4
S179,C14,3,4
S180,C01,4,1
S180,C03,3,1
S180,C02,2,1
S180,C04,4,2
S180,C05,3,2
S180,C07,3,2
S180,C06,3,2
S180,C12,3,3
S180,C11,2,3
S180,C09,4,3
S180,C08,3,3
S180,C10,2,3
S180,C14,3,4
S180,C16,4,4
S180,C15,3,4
S180,C17,3,4
S180,C22,3,4
S181,C03,3,1
S181,C01,3,1
S181,C02,4,1
S181,C06,2,2
S181,C07,4,2
S181,C05,3,2
S181,C04,3,2
S181,C13,4,3
S181,C09,4,3
S181,C10,3,3
S181,C08,4,3
S181,C11,4,3
S182,C03,4,1
S182,C02,4,1
S182,C01,3,1
S182,C04,2,2
S182,C06,3,2
S182,C07,4,2
S182,C05,4,2
S182,C10,5,3
S182,C13,4,3
S182,C11,4,3
S182,C08,3,3
S182,C09,3,3
S183,C03,4,1
S183,C01,2,1
S183,C02,5,1
S183,C07,4,2
S183,C06,5,2
S183,C04,4,2
S183,C05,3,2
S183,C11,4,3
S183,C09,4,3
S183,C10,4,3
S183,C08,3,3
S183,C12,3,3
S183,C24,3,4
S183,C17,3,4
S183,C16,3,4
S183,C22,3,4
S183,C13,4,4
S183,C26,4,5
S183,C33,3,5
S183,C18,4,5
S183,C23,4,5
S183,C14,3,5
S183,C25,4,6
S183,C34,3,6
S183,C38,3,6
S183,C36,4,6
S183,C19,3,6
S183,C39,4,7
S183,C48,5,7
S183,C31,3,7
S183,C45,4,7
S183,C35,2,7
S183,C46,1,8
S183,C41,3,8
S183,C44,3,8
S183,C30,3,8
S183,C29,4,8
S184,C01,3,1
S184,C03,3,1
S184,C02,4,1
S184,C04,4,2
S184,C06,2,2
S184,C07,4,2
S184,C05,3,2
S184,C08,4,3
S184,C11,3,3
S184,C10,3,3
S184,C12,2,3
S184,C13,3,3
S185,C02,3,1
S185,C01,3,1
S185,C03,2,1
S185,C05,3,2
S185,C07,3,2
S185,C04,4,2
S185,C06,3,2
S185,C09,4,3
S185,C08,3,3
S185,C14,4,3
S185,C10,2,3
S185,C11,2,3
S185,C16,2,4
S185,C22,5,4
S185,C12,2,4
S185,C19,3,4
S185,C13,2,4
S186,C01,4,1
S186,C02,3,1
S186,C03,4,1
S186,C07,3,2
S186,C04,5,2
S186,C06,3,2
S186,C05,3,2
S186,C09,4,3
S186,C08,5,3
S186,C12,4,3
S186,C10,3,3
S186,C11,3,3
S186,C18,1,4
S186,C24,4,4
S186,C17,3,4
S186,C13,4,4
S186,C22,3,4
S186,C23,3,5
S186,C33,3,5
S186,C14,2,5
S186,C16,3,5
S186,C26,3,5
S186,C31,4,6
S186,C30,3,6
S186,C39,3,6
S186,C36,3,6
S186,C41,2,6
S186,C44,5,7
S186,C34,3,7
S186,C37,4,7
S186,C19,4,7
S186,C46,2,7
S186,C45,3,8
S186,C38,2,8
S186,C35,2,8
S186,C29,4,8
S186,C48,3,8
S187,C03,4,1
S187,C02,3,1
S187,C01,3,1
S187,C06,3,2
S187,C04,3,2
S187,C05,3,2
S187,C07,3,2
S187,C09,2,3
S187,C12,3,3
S187,C11,3,3
S187,C14,3,3
S187,C08,3,3
S187,C19,2,4
S187,C13,3,4
S187,C17,3,4
S187,C10,4,4
S187,C24,3,4
S187,C15,3,5
S187,C22,3,5
S187,C26,2,5
S187,C23,5,5
S187,C34,4,5
S187,C30,4,6
S187,C31,4,6
S187,C39,4,6
S187,C33,3,6
S187,C29,4,6
S187,C37,4,7
S187,C41,4,7
S187,C38,3,7
S187,C40,4,7
S187,C48,2,7
S188,C02,4,1
S188,C01,2,1
S188,C03,2,1
S188,C06,4,2
S188,C07,3,2
S188,C05,3,2
S188,C04,3,2
S188,C09,5,3
S188,C10,3,3
S188,C12,4,3
S188,C11,3,3
S188,C14,3,3
S188,C15,2,4
S188,C24,3,4
S188,C17,2,4
S188,C16,4,4
S188,C22,5,4
S188,C21,3,5
S188,C32,5,5
S188,C20,3,5
S188,C27,2,5
S188,C34,2,5
S188,C28,3,6
S188,C36,4,6
S188,C39,2,6
S188,C13,3,6
S189,C01,3,1
S189,C03,3,1
S189,C02,3,1
S189,C06,3,2
S189,C07,2,2
S189,C04,3,2
S189,C05,2,2
S189,C08,2,3
S189,C14,2,3
S189,C09,4,3
S189,C11,2,3
S189,C13,4,3
S189,C10,3,4
S189,C12,3,4
S189,C18,3,4
S189,C19,3,4
S189,C24,3,4
S190,C03,3,1
S190,C01,3,1
S190,C02,3,1
S190,C04,3,2
S190,C07,2,2
S190,C06,3,2
S190,C05,3,2
S190,C12,4,3
S190,C08,2,3
S190,C14,4,3
S190,C13,2,3
S190,C09,3,3
S190,C24,4,4
S190,C23,2,4
S190,C18,2,4
S190,C17,3,4
S190,C19,4,4
S190,C11,2,5
S190,C10,2,5
S190,C25,2,5
S190,C34,3,5
S190,C29,3,5
S191,C03,4,1
S191,C02,3,1
S191,C01,4,1
S191,C07,5,2
S191,C04,2,2
S191,C05,2,2
S191,C06,2,2
S191,C09,3,3
S191,C13,5,3
S191,C11,4,3
S191,C10,2,3
S191,C12,2,3
S191,C14,4,4
S191,C26,3,4
S191,C17,2,4
S191,C23,4,4
S191,C24,2,4
S192,C01,3,1
S192,C02,2,1
S192,C03,2,1
S192,C04,3,2
S192,C07,2,2
S192,C05,2,2
S192,C06,3,2
S192,C08,2,3
S192,C13,4,3
S192,C11,3,3
S192,C12,4,3
S192,C09,2,3
S192,C18,3,4
S192,C23,5,4
S192,C14,2,4
S192,C17,3,4
S192,C19,3,4
S192,C29,4,5
S192,C25,3,5
S192,C26,4,5
S192,C33,4,5
S192,C30,4,5
S192,C40,4,6
S192,C37,4,6
S192,C39,2,6
S192,C34,2,6
S192,C31,2,6
S192,C41,2,7
S192,C38,4,7
S192,C46,4,7
S192,C44,3,7
S192,C48,3,7
S193,C01,2,1
S193,C02,5,1
S193,C03,3,1
S193,C05,3,2
S193,C07,3,2
S193,C06,4,2
S193,C04,2,2
S193,C14,4,3
S193,C10,3,3
S193,C09,3,3
S193,C12,4,3
S193,C13,3,3
S193,C11,4,4
S193,C24,3,4
S193,C15,3,4
S193,C17,3,4
S193,C23,3,4
S193,C21,3,5
S193,C27,3,5
S193,C20,3,5
S193,C26,3,5
S193,C33,3,5
S193,C39,3,6
S193,C31,3,6
S193,C41,4,6
S193,C30,3,6
S193,C28,3,6
S194,C02,3,1
S194,C01,2,1
S194,C03,3,1
S194,C04,3,2
S194,C07,2,2
S194,C06,4,2
S194,C05,3,2
S194,C08,4,3
S194,C14,2,3
S194,C10,5,3
S194,C09,5,3
S194,C12,2,3
S194,C22,3,4
S194,C16,4,4
S194,C15,3,4
S194,C13,2,4
S194,C19,3,4
S194,C20,2,5
S194,C32,5,5
S194,C21,4,5
S194,C24,3,5
S194,C27,2,5
S194,C28,2,6
S194,C23,2,6
S194,C39,3,6
S194,C34,2,6
S194,C36,3,6
S194,C47,3,7
S194,C38,2,7
S194,C45,4,7
S194,C44,3,7
S194,C46,2,7
S195,C03,5,1
S195,C02,2,1
S195,C01,2,1
S195,C05,4,2
S195,C06,3,2
S195,C07,5,2
S195,C04,3,2
S195,C10,4,3
S195,C13,5,3
S195,C08,2,3
S195,C12,4,3
S195,C09,3,3
S195,C14,3,4
S195,C18,1,4
S195,C16,2,4
S195,C17,3,4
S195,C11,3,4
S195,C26,5,5
S195,C15,3,5
S195,C33,4,5
S195,C25,4,5
S195,C24,4,5
S195,C31,3,6
S195,C41,3,6
S195,C38,5,6
S195,C32,4,6
S195,C23,4,6
S196,C03,4,1
S196,C01,3,1
S196,C02,3,1
S196,C07,3,2
S196,C06,3,2
S196,C05,3,2
S196,C04,3,2
S196,C08,3,3
S196,C13,4,3
S196,C12,3,3
S196,C11,3,3
S196,C10,3,3
S196,C23,5,4
S196,C16,2,4
S196,C14,2,4
S196,C19,3,4
S196,C15,2,4
S196,C30,3,5
S196,C18,3,5
S196,C26,4,5
S196,C34,3,5
S196,C20,3,5
S196,C32,3,6
S196,C38,5,6
S196,C29,4,6
S196,C39,3,6
S196,C33,4,6
S196,C46,3,7
S196,C40,4,7
S196,C25,3,7
S196,C35,2,7
S196,C45,3,7
S196,C48,4,8
S196,C31,4,8
S196,C47,2,8
S196,C27,1,8
S196,C44,3,8
S197,C03,3,1
S197,C01,3,1
S197,C02,3,1
S197,C07,3,2
S197,C06,2,2
S197,C05,3,2
S197,C04,2,2
S197,C10,3,3
S197,C11,4,3
S197,C09,4,3
S197,C13,4,3
S197,C14,2,3
S198,C03,3,1
S198,C01,3,1
S198,C02,4,1
S198,C07,5,2
S198,C04,3,2
S198,C06,3,2
S198,C05,3,2
S198,C12,5,3
S198,C14,2,3
S198,C11,4,3
S198,C10,3,3
S198,C13,5,3
S198,C23,4,4
S198,C26,3,4
S198,C16,3,4
S198,C09,2,4
S198,C15,2,4
S198,C33,4,5
S198,C24,3,5
S198,C30,4,5
S198,C31,3,5
S198,C34,3,5
S198,C38,5,6
S198,C21,2,6
S198,C29,3,6
S198,C39,3,6
S198,C22,3,6
S198,C27,2,7
S198,C40,4,7
S198,C36,4,7
S198,C46,4,7
S198,C48,3,7
S199,C02,4,1
S199,C01,4,1
S199,C03,3,1
S199,C06,4,2
S199,C04,4,2
S199,C07,3,2
S199,C05,2,2
S199,C11,3,3
S199,C10,4,3
S199,C09,4,3
S199,C13,2,3
S199,C08,3,3
S200,C03,4,1
S200,C02,4,1
S200,C01,3,1
S200,C07,4,2
S200,C06,3,2
S200,C05,3,2
S200,C04,2,2
S200,C13,5,3
S200,C11,4,3
S200,C08,3,3
S200,C09,2,3
S200,C10,2,3
S200,C26,4,4
S200,C24,3,4
S200,C23,4,4
S200,C18,2,4
S200,C15,4,4
S200,C25,4,5
S200,C29,4,5
S200,C19,4,5
S200,C22,3,5
S200,C30,5,5
S200,C33,4,6
S200,C35,3,6
S200,C40,4,6
S200,C38,4,6
S200,C16,3,6
S200,C27,3,7
S200,C36,3,7
S200,C48,5,7
S200,C44,4,7
S200,C46,3,7
S201,C02,3,1
S201,C03,3,1
S201,C01,2,1
S201,C07,5,2
S201,C06,2,2
S201,C05,2,2
S201,C04,3,2
S201,C13,4,3
S201,C11,4,3
S201,C09,3,3
S201,C12,3,3
S201,C10,3,3
S201,C16,3,4
S201,C22,2,4
S201,C26,5,4
S201,C08,4,4
S201,C17,3,4
S202,C03,4,1
S202,C02,3,1
S202,C01,4,1
S202,C04,3,2
S202,C07,4,2
S202,C05,3,2
S202,C06,2,2
S202,C13,5,3
S202,C09,4,3
S202,C12,3,3
S202,C11,4,3
S202,C10,2,3
S202,C14,2,4
S202,C15,3,4
S202,C24,3,4
S202,C17,3,4
S202,C16,5,4
S203,C02,4,1
S203,C01,4,1
S203,C03,3,1
S203,C04,4,2
S203,C07,3,2
S203,C05,4,2
S203,C06,4,2
S203,C08,5,3
S203,C10,4,3
S203,C09,3,3
S203,C12,3,3
S203,C13,4,3
S204,C02,3,1
S204,C01,4,1
S204,C03,3,1
S204,C07,3,2
S204,C04,5,2
S204,C05,5,2
S204,C06,4,2
S204,C11,2,3
S204,C10,2,3
S204,C08,4,3
S204,C09,3,3
S204,C12,2,3
S204,C22,3,4
S204,C16,2,4
S204,C13,3,4
S204,C15,3,4
S204,C14,3,4
S204,C33,4,5
S204,C23,3,5
S204,C19,4,5
S204,C34,3,5
S204,C21,2,5
S205,C03,4,1
S205,C02,2,1
S205,C01,4,1
S205,C04,2,2
S205,C07,4,2
S205,C06,4,2
S205,C05,3,2
S205,C11,4,3
S205,C08,3,3
S205,C13,4,3
S205,C14,2,3
S205,C12,3,3
S205,C23,4,4
S205,C18,3,4
S205,C26,4,4
S205,C19,4,4
S205,C09,3,4
S205,C33,4,5
S205,C30,4,5
S205,C25,4,5
S205,C31,3,5
S205,C24,3,5
S206,C03,4,1
S206,C01,3,1
S206,C02,3,1
S206,C04,5,2
S206,C06,3,2
S206,C05,4,2
S206,C07,4,2
S206,C11,4,3
S206,C10,2,3
S206,C12,2,3
S206,C08,2,3
S206,C09,4,3
S206,C14,2,4
S206,C13,2,4
S206,C24,2,4
S206,C15,3,4
S206,C22,2,4
S206,C26,4,5
S206,C32,4,5
S206,C33,4,5
S206,C16,2,5
S206,C19,2,5
S206,C21,2,6
S206,C34,2,6
S206,C27,3,6
S206,C38,3,6
S206,C31,3,6
S206,C44,4,7
S206,C45,3,7
S206,C39,2,7
S206,C47,2,7
S206,C36,3,7
S206,C48,3,8
S206,C43,3,8
S206,C35,2,8
S207,C03,2,1
S207,C01,3,1
S207,C02,2,1
S207,C04,3,2
S207,C06,2,2
S207,C07,1,2
S207,C05,2,2
S207,C13,3,3
S207,C08,3,3
S207,C14,3,3
S207,C12,3,3
S207,C11,3,3
S207,C26,4,4
S207,C23,2,4
S207,C19,4,4
S207,C18,3,4
S207,C09,2,4
S207,C25,3,5
S207,C33,2,5
S207,C24,3,5
S207,C31,3,5
S207,C17,4,5
S208,C01,3,1
S208,C03,3,1
S208,C02,3,1
S208,C04,3,2
S208,C07,3,2
S208,C05,2,2
S208,C06,3,2
S208,C12,5,3
S208,C11,2,3
S208,C14,5,3
S208,C10,2,3
S208,C09,3,3
S208,C13,3,4
S208,C15,4,4
S208,C17,3,4
S208,C16,3,4
S208,C24,4,4
S208,C26,4,5
S208,C33,3,5
S208,C34,3,5
S208,C32,3,5
S208,C20,2,5
S208,C38,5,6
S208,C39,2,6
S208,C28,4,6
S208,C41,3,6
S208,C31,3,6
S209,C03,2,1
S209,C01,2,1
S209,C02,4,1
S209,C04,2,2
S209,C07,3,2
S209,C06,3,2
S209,C05,2,2
S209,C13,3,3
S209,C08,3,3
S209,C14,3,3
S209,C10,4,3
S209,C12,3,3
S209,C19,4,4
S209,C11,3,4
S209,C15,3,4
S209,C23,3,4
S209,C16,3,4
S209,C09,3,5
S209,C26,4,5
S209,C20,4,5
S209,C32,3,5
S209,C27,4,5
S209,C24,3,6
S209,C31,5,6
S209,C34,4,6
S209,C28,4,6
S209,C39,4,6
S209,C35,4,7
S209,C43,3,7
S209,C45,4,7
S209,C46,3,7
S209,C29,2,7
S209,C47,3,8
S209,C42,4,8
S209,C48,2,8
S209,C44,3,8
S209,C38,4,8
S210,C03,3,1
S210,C01,2,1
S210,C02,4,1
S210,C05,1,2
S210,C07,5,2
S210,C04,2,2
S210,C06,3,2
S210,C13,3,3
S210,C11,4,3
S210,C12,2,3
S210,C10,3,3
S210,C14,3,3
S211,C03,4,1
S211,C01,2,1
S211,C02,4,1
S211,C06,3,2
S211,C07,4,2
S211,C05,3,2
S211,C04,2,2
S211,C12,4,3
S211,C13,4,3
S211,C09,4,3
S211,C11,4,3
S211,C10,3,3
S211,C23,4,4
S211,C16,2,4
S211,C24,5,4
S211,C14,4,4
S211,C22,3,4
S211,C08,2,5
S211,C26,4,5
S211,C33,4,5
S211,C30,4,5
S211,C15,3,5
S211,C29,4,6
S211,C17,5,6
S211,C32,3,6
S211,C38,5,6
S211,C31,3,6
S212,C01,5,1
S212,C02,4,1
S212,C03,2,1
S212,C06,5,2
S212,C04,3,2
S212,C07,2,2
S212,C05,4,2
S212,C08,4,3
S212,C10,3,3
S212,C09,3,3
S212,C12,3,3
S212,C13,3,3
S212,C16,3,4
S212,C19,4,4
S212,C23,3,4
S212,C17,3,4
S212,C15,5,4
S212,C27,4,5
S212,C24,3,5
S212,C29,3,5
S212,C20,4,5
S212,C32,4,5
S213,C02,3,1
S213,C01,2,1
S213,C03,4,1
S213,C07,3,2
S213,C04,3,2
S213,C06,4,2
S213,C05,3,2
S213,C12,2,3
S213,C11,3,3
S213,C13,4,3
S213,C10,3,3
S213,C08,2,3
S214,C02,4,1
S214,C01,3,1
S214,C03,3,1
S214,C04,4,2
S214,C06,4,2
S214,C05,5,2
S214,C07,3,2
S214,C11,2,3
S214,C14,4,3
S214,C10,3,3
S214,C08,4,3
S214,C13,3,3
S214,C09,2,4
S214,C19,3,4
S214,C23,4,4
S214,C16,3,4
S214,C18,3,4
S214,C15,3,5
S214,C24,4,5
S214,C29,3,5
S214,C30,4,5
S214,C25,4,5
S215,C03,2,1
S215,C02,4,1
S215,C01,3,1
S215,C07,4,2
S215,C04,3,2
S215,C05,2,2
S215,C06,2,2
S215,C10,2,3
S215,C14,3,3
S215,C08,4,3
S215,C11,4,3
S215,C13,4,3
S215,C26,3,4
S215,C12,2,4
S215,C16,3,4
S215,C23,4,4
S215,C19,4,4
S215,C33,4,5
S215,C34,4,5
S215,C18,3,5
S215,C31,4,5
S215,C30,2,5
S216,C03,5,1
S216,C02,3,1
S216,C01,3,1
S216,C06,3,2
S216,C07,5,2
S216,C04,4,2
S216,C05,4,2
S216,C13,3,3
S216,C10,3,3
S216,C12,2,3
S216,C11,4,3
S216,C08,3,3
S216,C23,3,4
S216,C15,3,4
S216,C16,2,4
S216,C26,3,4
S216,C09,2,4
S216,C19,4,5
S216,C24,3,5
S216,C30,3,5
S216,C22,3,5
S216,C27,3,5
S216,C18,2,6
S216,C35,4,6
S216,C32,3,6
S216,C33,4,6
S216,C14,3,6
S216,C36,3,7
S216,C25,5,7
S216,C48,3,7
S216,C34,4,7
S216,C46,4,7
S217,C01,3,1
S217,C03,3,1
S217,C02,3,1
S217,C07,5,2
S217,C05,4,2
S217,C04,3,2
S217,C06,3,2
S217,C14,3,3
S217,C11,5,3
S217,C08,2,3
S217,C13,4,3
S217,C10,3,3
S217,C19,3,4
S217,C23,4,4
S217,C26,5,4
S217,C15,3,4
S217,C16,2,4
S218,C02,3,1
S218,C01,3,1
S218,C03,3,1
S218,C07,3,2
S218,C05,3,2
S218,C06,4,2
S218,C04,3,2
S218,C10,3,3
S218,C12,3,3
S218,C14,4,3
S218,C08,3,3
S218,C13,2,3
S218,C23,4,4
S218,C15,3,4
S218,C09,2,4
S218,C18,3,4
S218,C11,4,4
S218,C21,2,5
S218,C19,2,5
S218,C17,4,5
S218,C24,5,5
S218,C16,2,5
S218,C33,2,6
S218,C39,4,6
S218,C29,4,6
S218,C34,4,6
S218,C38,3,6
S219,C01,3,1
S219,C02,2,1
S219,C03,3,1
S219,C04,3,2
S219,C06,3,2
S219,C05,3,2
S219,C07,2,2
S219,C09,3,3
S219,C11,2,3
S219,C10,2,3
S219,C08,3,3
S219,C12,2,3
S220,C03,3,1
S220,C01,4,1
S220,C02,3,1
S220,C07,3,2
S220,C04,3,2
S220,C05,4,2
S220,C06,3,2
S220,C08,3,3
S220,C11,3,3
S220,C12,5,3
S220,C10,3,3
S220,C13,3,3
S220,C19,2,4
S220,C15,3,4
S220,C23,4,4
S220,C14,4,4
S220,C26,3,4
S220,C30,3,5
S220,C32,2,5
S220,C29,3,5
S220,C33,3,5
S220,C31,4,5
S220,C20,3,6
S220,C35,2,6
S220,C34,2,6
S220,C40,3,6
S220,C38,3,6
S221,C01,4,1
S221,C03,5,1
S221,C02,3,1
S221,C07,5,2
S221,C06,3,2
S221,C04,3,2
S221,C05,3,2
S221,C11,4,3
S221,C13,4,3
S221,C08,3,3
S221,C12,2,3
S221,C14,3,3
S221,C26,3,4
S221,C19,4,4
S221,C10,3,4
S221,C23,4,4
S221,C18,3,4
S221,C33,4,5
S221,C25,4,5
S221,C29,3,5
S221,C30,3,5
S221,C31,3,5
S221,C39,3,6
S221,C16,3,6
S221,C34,3,6
S221,C35,2,6
S221,C38,4,6
S221,C48,4,7
S221,C40,3,7
S221,C45,3,7
S221,C44,4,7
S221,C46,1,7
S222,C02,4,1
S222,C03,2,1
S222,C01,3,1
S222,C07,4,2
S222,C06,5,2
S222,C05,4,2
S222,C04,3,2
S222,C10,4,3
S222,C09,4,3
S222,C08,3,3
S222,C13,3,3
S222,C12,3,3
S222,C17,4,4
S222,C16,4,4
S222,C24,3,4
S222,C23,3,4
S222,C14,3,4
S222,C22,3,5
S222,C30,3,5
S222,C19,4,5
S222,C18,2,5
S222,C29,2,5
S222,C37,3,6
S222,C36,5,6
S222,C38,4,6
S222,C40,3,6
S222,C34,1,6
S222,C46,3,7
S222,C44,4,7
S222,C45,3,7
S222,C35,2,7
S222,C25,2,7
S223,C03,4,1
S223,C01,3,1
S223,C02,3,1
S223,C04,2,2
S223,C06,5,2
S223,C07,3,2
S223,C05,3,2
S223,C10,5,3
S223,C12,3,3
S223,C08,2,3
S223,C11,3,3
S223,C13,4,3
S223,C16,4,4
S223,C18,4,4
S223,C09,3,4
S223,C23,3,4
S223,C26,4,4
S223,C22,2,5
S223,C25,3,5
S223,C14,3,5
S223,C29,2,5
S223,C30,3,5
S223,C38,4,6
S223,C39,2,6
S223,C31,2,6
S223,C33,3,6
S223,C24,3,6
S223,C34,3,7
S223,C44,4,7
S223,C48,3,7
S223,C45,3,7
S223,C40,3,7
S224,C01,3,1
S224,C03,3,1
S224,C02,3,1
S224,C07,3,2
S224,C04,3,2
S224,C06,3,2
S224,C05,2,2
S224,C09,4,3
S224,C14,3,3
S224,C11,2,3
S224,C12,2,3
S224,C13,1,3
S224,C26,3,4
S224,C17,4,4
S224,C24,2,4
S224,C23,3,4
S224,C08,3,4
S224,C19,1,5
S224,C31,2,5
S224,C30,4,5
S224,C10,2,5
S224,C34,2,5
S224,C35,2,6
S224,C41,4,6
S224,C16,5,6
S224,C22,4,6
S224,C33,2,6
S225,C01,4,1
S225,C02,4,1
S225,C03,3,1
S225,C04,4,2
S225,C06,4,2
S225,C05,4,2
S225,C07,3,2
S225,C08,4,3
S225,C12,3,3
S225,C10,5,3
S225,C11,3,3
S225,C14,4,3
S226,C03,3,1
S226,C02,3,1
S226,C01,2,1
S226,C06,3,2
S226,C04,4,2
S226,C07,4,2
S226,C05,3,2
S226,C12,2,3
S226,C08,4,3
S226,C09,4,3
S226,C11,3,3
S226,C13,4,3
S226,C17,2,4
S226,C10,2,4
S226,C23,3,4
S226,C19,2,4
S226,C14,2,4
S226,C24,3,5
S226,C22,4,5
S226,C30,4,5
S226,C15,3,5
S226,C26,3,5
S227,C01,4,1
S227,C03,3,1
S227,C02,3,1
S227,C04,3,2
S227,C06,3,2
S227,C07,3,2
S227,C05,4,2
S227,C12,5,3
S227,C08,2,3
S227,C13,3,3
S227,C10,3,3
S227,C14,3,3
S227,C23,3,4
S227,C19,5,4
S227,C09,4,4
S227,C15,4,4
S227,C16,3,4
S227,C32,3,5
S227,C17,5,5
S227,C20,3,5
S227,C24,5,5
S227,C27,3,5
S227,C30,3,6
S227,C28,3,6
S227,C35,3,6
S227,C38,3,6
S227,C34,3,6
S227,C46,3,7
S227,C42,2,7
S227,C39,3,7
S227,C47,3,7
S227,C21,3,7
S227,C45,3,8
S227,C37,2,8
S227,C44,3,8
S227,C29,3,8
S228,C01,4,1
S228,C02,2,1
S228,C03,3,1
S228,C04,4,2
S228,C06,4,2
S228,C05,3,2
S228,C07,3,2
S228,C08,5,3
S228,C12,3,3
S228,C13,3,3
S228,C10,2,3
S228,C14,3,3
S228,C11,3,4
S228,C23,3,4
S228,C09,2,4
S228,C15,3,4
S228,C19,3,4
S228,C16,2,5
S228,C24,3,5
S228,C20,3,5
S228,C34,2,5
S228,C17,3,5
S228,C32,4,6
S228,C30,2,6
S228,C29,2,6
S228,C27,3,6
S228,C21,3,6
S228,C44,4,7
S228,C39,3,7
S228,C37,3,7
S228,C40,3,7
S228,C35,2,7
S229,C03,4,1
S229,C01,4,1
S229,C02,3,1
S229,C06,4,2
S229,C07,4,2
S229,C04,4,2
S229,C05,3,2
S229,C11,5,3
S229,C13,4,3
S229,C12,4,3
S229,C09,3,3
S229,C14,4,3
S229,C24,4,4
S229,C17,5,4
S229,C23,3,4
S229,C10,3,4
S229,C26,4,4
S229,C30,2,5
S229,C22,3,5
S229,C33,3,5
S229,C08,3,5
S229,C16,2,5
S229,C41,4,6
S229,C39,3,6
S229,C38,4,6
S229,C31,2,6
S229,C15,2,6
S229,C19,3,7
S229,C48,4,7
S229,C34,2,7
S229,C36,2,7
S229,C21,3,7
S230,C03,3,1
S230,C01,2,1
S230,C02,3,1
S230,C06,2,2
S230,C07,4,2
S230,C04,3,2
S230,C05,2,2
S230,C11,5,3
S230,C08,4,3
S230,C13,5,3
S230,C09,3,3
S230,C10,3,3
S230,C23,4,4
S230,C18,2,4
S230,C15,4,4
S230,C26,4,4
S230,C14,3,4
S230,C20,3,5
S230,C25,3,5
S230,C31,3,5
S230,C22,2,5
S230,C33,2,5
S230,C24,3,6
S230,C21,3,6
S230,C30,5,6
S230,C34,3,6
S230,C28,4,6
S231,C02,3,1
S231,C03,3,1
S231,C01,3,1
S231,C06,3,2
S231,C05,4,2
S231,C04,4,2
S231,C07,4,2
S231,C11,2,3
S231,C14,4,3
S231,C08,3,3
S231,C12,3,3
S231,C09,4,3
S232,C03,3,1
S232,C02,3,1
S232,C01,4,1
S232,C06,3,2
S232,C07,4,2
S232,C04,3,2
S232,C05,3,2
S232,C14,4,3
S232,C08,3,3
S232,C10,3,3
S232,C09,4,3
S232,C11,4,3
S232,C13,3,4
S232,C18,3,4
S232,C19,3,4
S232,C24,4,4
S232,C12,3,4
S232,C26,4,5
S232,C17,3,5
S232,C34,4,5
S232,C33,3,5
S232,C15,2,5
S232,C31,5,6
S232,C21,2,6
S232,C41,2,6
S232,C35,2,6
S232,C32,3,6
S233,C03,3,1
S233,C02,3,1
S233,C01,3,1
S233,C07,3,2
S233,C04,2,2
S233,C06,3,2
S233,C05,2,2
S233,C10,3,3
S233,C12,3,3
S233,C11,5,3
S233,C13,4,3
S233,C08,3,3
S233,C23,4,4
S233,C16,4,4
S233,C14,4,4
S233,C26,4,4
S233,C09,4,4
S233,C17,3,5
S233,C30,4,5
S233,C31,3,5
S233,C34,3,5
S233,C29,2,5
S233,C37,3,6
S233,C38,4,6
S233,C33,3,6
S233,C40,3,6
S233,C19,3,6
S233,C44,3,7
S233,C45,3,7
S233,C41,3,7
S233,C46,4,7
S233,C48,4,7
S233,C35,1,8
S233,C39,4,8
S234,C03,2,1
S234,C02,3,1
S234,C01,3,1
S234,C06,2,2
S234,C07,2,2
S234,C05,3,2
S234,C04,3,2
S234,C12,3,3
S234,C10,3,3
S234,C08,2,3
S234,C11,4,3
S234,C14,2,3
S234,C13,3,4
S234,C19,3,4
S234,C16,4,4
S234,C15,3,4
S234,C18,3,4
S234,C23,4,5
S234,C27,3,5
S234,C32,3,5
S234,C25,2,5
S234,C26,3,5
S234,C29,4,6
S234,C33,2,6
S234,C30,3,6
S234,C20,2,6
S234,C31,2,6
S235,C03,3,1
S235,C02,3,1
S235,C01,2,1
S235,C07,3,2
S235,C06,3,2
S235,C04,3,2
S235,C05,3,2
S235,C09,3,3
S235,C14,2,3
S235,C10,4,3
S235,C12,2,3
S235,C11,3,3
S235,C16,4,4
S235,C22,5,4
S235,C24,4,4
S235,C17,4,4
S235,C13,3,4
S235,C23,4,5
S235,C26,2,5
S235,C33,2,5
S235,C08,3,5
S235,C34,3,5
S235,C36,3,6
S235,C19,3,6
S235,C30,4,6
S235,C29,4,6
S235,C18,3,6
S235,C46,5,7
S235,C39,2,7
S235,C37,3,7
S235,C40,4,7
S235,C38,3,7
S236,C01,3,1
S236,C03,3,1
S236,C02,2,1
S236,C06,3,2
S236,C04,2,2
S236,C07,3,2
S236,C05,3,2
S236,C14,4,3
S236,C10,4,3
S236,C08,3,3
S236,C11,3,3
S236,C09,2,3
S236,C12,2,4
S236,C19,3,4
S236,C24,3,4
S236,C15,3,4
S236,C22,1,4
S237,C01,4,1
S237,C03,2,1
S237,C02,3,1
S237,C05,5,2
S237,C06,3,2
S237,C04,3,2
S237,C07,4,2
S237,C08,4,3
S237,C10,4,3
S237,C14,2,3
S237,C12,4,3
S237,C09,3,3
S237,C17,2,4
S237,C16,4,4
S237,C19,3,4
S237,C15,4,4
S237,C22,5,4
S238,C01,4,1
S238,C03,3,1
S238,C02,2,1
S238,C07,3,2
S238,C04,2,2
S238,C05,3,2
S238,C06,3,2
S238,C10,4,3
S238,C09,3,3
S238,C11,3,3
S238,C12,2,3
S238,C13,3,3
S238,C22,3,4
S238,C15,4,4
S238,C23,4,4
S238,C14,2,4
S238,C24,3,4
S238,C20,3,5
S238,C21,2,5
S238,C27,4,5
S238,C30,4,5
S238,C17,3,5
S238,C32,3,6
S238,C28,4,6
S238,C29,2,6
S238,C37,2,6
S238,C34,3,6
S238,C46,3,7
S238,C45,2,7
S238,C36,3,7
S238,C42,5,7
S238,C39,2,7
S239,C01,3,1
S239,C02,3,1
S239,C03,2,1
S239,C06,5,2
S239,C07,3,2
S239,C04,3,2
S239,C05,4,2
S239,C09,3,3
S239,C14,3,3
S239,C10,5,3
S239,C12,3,3
S239,C08,3,3
S239,C13,2,4
S239,C18,4,4
S239,C16,3,4
S239,C11,3,4
S239,C22,3,4
S239,C24,2,5
S239,C23,4,5
S239,C25,3,5
S239,C19,4,5
S239,C17,3,5
S239,C30,4,6
S239,C39,5,6
S239,C38,3,6
S239,C35,2,6
S239,C34,3,6
S240,C03,5,1
S240,C01,3,1
S240,C02,3,1
S240,C06,3,2
S240,C07,4,2
S240,C04,3,2
S240,C05,3,2
S240,C10,3,3
S240,C12,4,3
S240,C13,3,3
S240,C08,3,3
S240,C14,3,3
S240,C19,3,4
S240,C23,2,4
S240,C11,3,4
S240,C18,2,4
S240,C15,2,4
S240,C30,3,5
S240,C26,5,5
S240,C34,5,5
S240,C20,3,5
S240,C32,4,5
S240,C33,4,6
S240,C31,5,6
S240,C39,3,6
S240,C25,5,6
S240,C27,3,6
S241,C02,4,1
S241,C03,3,1
S241,C01,3,1
S241,C05,3,2
S241,C06,4,2
S241,C07,3,2
S241,C04,3,2
S241,C14,4,3
S241,C09,3,3
S241,C10,5,3
S241,C11,2,3
S241,C12,2,3
S241,C16,3,4
S241,C13,2,4
S241,C24,3,4
S241,C22,4,4
S241,C17,2,4
S241,C34,4,5
S241,C23,2,5
S241,C26,3,5
S241,C08,5,5
S241,C33,1,5
S241,C31,5,6
S241,C15,3,6
S241,C41,3,6
S241,C39,4,6
S241,C19,4,6
S241,C32,3,7
S241,C30,3,7
S241,C27,2,7
S241,C45,5,7
S241,C43,2,7
S241,C38,3,8
S241,C46,2,8
S241,C47,3,8
S241,C29,3,8
S241,C48,3,8
S242,C01,3,1
S242,C03,3,1
S242,C02,3,1
S242,C06,4,2
S242,C05,3,2
S242,C04,3,2
S242,C07,4,2
S242,C13,3,3
S242,C12,2,3
S242,C08,3,3
S242,C11,3,3
S242,C10,2,3
S243,C03,4,1
S243,C02,3,1
S243,C01,3,1
S243,C06,4,2
S243,C07,4,2
S243,C05,3,2
S243,C04,4,2
S243,C08,2,3
S243,C10,4,3
S243,C14,2,3
S243,C11,3,3
S243,C13,4,3
S244,C01,3,1
S244,C03,3,1
S244,C02,4,1
S244,C06,3,2
S244,C07,4,2
S244,C04,4,2
S244,C05,3,2
S244,C13,5,3
S244,C08,3,3
S244,C11,3,3
S244,C10,3,3
S244,C09,4,3
S244,C26,5,4
S244,C19,3,4
S244,C22,2,4
S244,C23,4,4
S244,C14,4,4
S244,C29,2,5
S244,C33,4,5
S244,C30,4,5
S244,C24,3,5
S244,C15,3,5
S245,C02,3,1
S245,C03,2,1
S245,C01,3,1
S245,C04,3,2
S245,C06,2,2
S245,C07,2,2
S245,C05,3,2
S245,C12,4,3
S245,C14,4,3
S245,C08,3,3
S245,C10,3,3
S245,C13,3,3
S246,C02,3,1
S246,C03,3,1
S246,C01,3,1
S246,C05,2,2
S246,C07,3,2
S246,C04,2,2
S246,C06,4,2
S246,C13,3,3
S246,C10,4,3
S246,C12,3,3
S246,C08,3,3
S246,C09,2,3
S246,C16,3,4
S246,C17,3,4
S246,C18,3,4
S246,C24,4,4
S246,C22,3,4
S246,C14,1,5
S246,C23,4,5
S246,C19,3,5
S246,C11,3,5
S246,C15,3,5
S246,C21,4,6
S246,C25,2,6
S246,C29,2,6
S246,C35,3,6
S246,C32,3,6
S246,C39,4,7
S246,C36,2,7
S246,C44,4,7
S246,C40,3,7
S246,C33,3,7
S246,C45,3,8
S246,C47,3,8
S246,C27,3,8
S246,C46,1,8
S246,C30,3,8
S247,C01,3,1
S247,C03,3,1
S247,C02,3,1
S247,C04,3,2
S247,C05,2,2
S247,C06,4,2
S247,C07,2,2
S247,C14,2,3
S247,C12,3,3
S247,C08,4,3
S247,C13,3,3
S247,C10,4,3
S247,C09,3,4
S247,C23,4,4
S247,C11,4,4
S247,C16,2,4
S247,C18,3,4
S247,C24,3,5
S247,C22,3,5
S247,C30,4,5
S247,C15,4,5
S247,C33,3,5
S247,C26,3,6
S247,C29,4,6
S247,C17,3,6
S247,C27,3,6
S247,C32,3,6
S247,C37,4,7
S247,C40,5,7
S247,C48,3,7
S247,C46,5,7
S247,C47,3,7
S248,C02,4,1
S248,C03,3,1
S248,C01,3,1
S248,C06,4,2
S248,C07,3,2
S248,C04,3,2
S248,C05,3,2
S248,C11,3,3
S248,C10,3,3
S248,C09,5,3
S248,C12,2,3
S248,C08,2,3
S249,C01,3,1
S249,C02,4,1
S249,C03,2,1
S249,C07,3,2
S249,C06,4,2
S249,C04,3,2
S249,C05,3,2
S249,C10,5,3
S249,C13,4,3
S249,C08,4,3
S249,C14,3,3
S249,C09,2,3
S250,C03,3,1
S250,C02,3,1
S250,C01,2,1
S250,C04,3,2
S250,C06,2,2
S250,C05,2,2
S250,C07,3,2
S250,C12,4,3
S250,C11,3,3
S250,C09,1,3
S250,C10,2,3
S250,C08,3,3
S250,C17,4,4
S250,C15,4,4
S250,C19,3,4
S250,C24,3,4
S250,C13,4,4
S251,C01,3,1
S251,C02,4,1
S251,C03,2,1
S251,C05,5,2
S251,C04,4,2
S251,C06,4,2
S251,C07,3,2
S251,C13,4,3
S251,C12,2,3
S251,C08,4,3
S251,C11,4,3
S251,C09,2,3
S252,C01,3,1
S252,C02,3,1
S252,C03,3,1
S252,C04,2,2
S252,C06,4,2
S252,C07,4,2
S252,C05,3,2
S252,C10,3,3
S252,C09,5,3
S252,C12,2,3
S252,C11,3,3
S252,C14,3,3
S253,C02,4,1
S253,C01,3,1
S253,C03,3,1
S253,C04,3,2
S253,C06,3,2
S253,C05,3,2
S253,C07,3,2
S253,C12,4,3
S253,C08,3,3
S253,C10,3,3
S253,C11,3,3
S253,C13,2,3
S254,C03,2,1
S254,C02,4,1
S254,C01,3,1
S254,C06,3,2
S254,C07,2,2
S254,C04,3,2
S254,C05,3,2
S254,C11,4,3
S254,C08,4,3
S254,C12,3,3
S254,C10,3,3
S254,C09,2,3
S254,C14,2,4
S254,C15,4,4
S254,C16,3,4
S254,C17,3,4
S254,C22,5,4
S254,C20,2,5
S254,C27,3,5
S254,C21,3,5
S254,C34,3,5
S254,C19,3,5
S254,C24,3,6
S254,C36,4,6
S254,C28,3,6
S254,C13,4,6
S254,C39,2,6
S255,C03,3,1
S255,C02,3,1
S255,C01,4,1
S255,C06,3,2
S255,C04,2,2
S255,C07,2,2
S255,C05,4,2
S255,C10,5,3
S255,C09,4,3
S255,C14,2,3
S255,C08,3,3
S255,C12,3,3
S255,C22,4,4
S255,C16,5,4
S255,C18,2,4
S255,C19,3,4
S255,C15,3,4
S255,C21,4,5
S255,C32,4,5
S255,C11,2,5
S255,C24,3,5
S255,C34,3,5
S255,C25,3,6
S255,C35,3,6
S255,C39,3,6
S255,C27,3,6
S255,C36,3,6
S255,C44,3,7
S255,C45,3,7
S255,C47,3,7
S255,C48,3,7
S255,C20,3,7
S255,C28,2,8
S255,C42,2,8
S256,C02,5,1
S256,C03,3,1
S256,C01,1,1
S256,C06,4,2
S256,C04,2,2
S256,C07,3,2
S256,C05,1,2
S256,C10,4,3
S256,C09,4,3
S256,C11,4,3
S256,C08,2,3
S256,C12,4,3
S256,C13,2,4
S256,C16,4,4
S256,C22,5,4
S256,C18,3,4
S256,C19,3,4
S256,C24,4,5
S256,C25,3,5
S256,C23,2,5
S256,C26,2,5
S256,C15,3,5
S257,C01,5,1
S257,C03,3,1
S257,C02,3,1
S257,C05,4,2
S257,C04,4,2
S257,C07,2,2
S257,C06,2,2
S257,C08,4,3
S257,C14,3,3
S257,C12,3,3
S257,C10,3,3
S257,C09,4,3
S257,C17,3,4
S257,C19,4,4
S257,C22,3,4
S257,C15,4,4
S257,C24,2,4
S257,C21,4,5
S257,C20,3,5
S257,C32,4,5
S257,C34,3,5
S257,C16,4,5
S257,C27,3,6
S257,C39,3,6
S257,C28,3,6
S257,C36,3,6
S257,C35,5,6
S258,C01,5,1
S258,C03,2,1
S258,C02,3,1
S258,C04,4,2
S258,C07,3,2
S258,C06,3,2
S258,C05,3,2
S258,C12,4,3
S258,C08,3,3
S258,C13,2,3
S258,C11,3,3
S258,C14,2,3
S258,C19,3,4
S258,C18,3,4
S258,C09,2,4
S258,C23,3,4
S258,C26,3,4
S259,C02,3,1
S259,C03,3,1
S259,C01,3,1
S259,C07,3,2
S259,C06,2,2
S259,C04,2,2
S259,C05,3,2
S259,C11,3,3
S259,C13,3,3
S259,C12,3,3
S259,C08,4,3
S259,C14,3,3
S259,C18,3,4
S259,C26,1,4
S259,C23,4,4
S259,C09,3,4
S259,C10,2,4
S259,C29,5,5
S259,C22,3,5
S259,C31,2,5
S259,C17,3,5
S259,C30,3,5
S260,C02,2,1
S260,C01,4,1
S260,C03,3,1
S260,C07,3,2
S260,C04,3,2
S260,C05,5,2
S260,C06,3,2
S260,C13,4,3
S260,C09,3,3
S260,C14,3,3
S260,C10,2,3
S260,C08,4,3
S260,C19,3,4
S260,C16,3,4
S260,C12,3,4
S260,C15,3,4
S260,C22,2,4
S260,C23,4,5
S260,C20,4,5
S260,C24,2,5
S260,C18,3,5
S260,C27,4,5
S260,C28,2,6
S260,C21,2,6
S260,C29,2,6
S260,C25,3,6
S260,C30,4,6
S260,C40,2,7
S260,C38,3,7
S260,C36,3,7
S260,C47,3,7
S260,C42,3,7
S260,C39,4,8
S260,C44,4,8
S260,C46,3,8
S260,C45,3,8
S260,C35,2,8
S261,C03,3,1
S261,C01,4,1
S261,C02,4,1
S261,C04,4,2
S261,C07,3,2
S261,C06,4,2
S261,C05,5,2
S261,C13,3,3
S261,C09,4,3
S261,C08,4,3
S261,C12,3,3
S261,C10,4,3
S261,C16,3,4
S261,C18,4,4
S261,C22,4,4
S261,C23,3,4
S261,C14,2,4
S261,C15,3,5
S261,C29,2,5
S261,C19,2,5
S261,C24,3,5
S261,C17,3,5
S261,C21,4,6
S261,C32,4,6
S261,C25,4,6
S261,C27,2,6
S261,C39,3,6
S261,C35,1,7
S261,C47,4,7
S261,C40,2,7
S261,C46,2,7
S261,C30,2,7
S262,C02,3,1
S262,C03,4,1
S262,C01,3,1
S262,C05,3,2
S262,C07,5,2
S262,C04,3,2
S262,C06,3,2
S262,C13,4,3
S262,C12,2,3
S262,C11,4,3
S262,C09,3,3
S262,C14,5,3
S262,C17,2,4
S262,C26,4,4
S262,C10,3,4
S262,C08,4,4
S262,C23,2,4
S262,C33,4,5
S262,C15,4,5
S262,C34,5,5
S262,C31,4,5
S262,C30,3,5
S263,C01,5,1
S263,C02,2,1
S263,C03,3,1
S263,C05,4,2
S263,C04,4,2
S263,C07,4,2
S263,C06,3,2
S263,C08,4,3
S263,C10,4,3
S263,C09,2,3
S263,C12,3,3
S263,C11,3,3
S263,C15,4,4
S263,C19,4,4
S263,C17,3,4
S263,C22,3,4
S263,C13,4,4
S263,C20,4,5
S263,C26,3,5
S263,C23,2,5
S263,C24,2,5
S263,C21,2,5
S263,C30,3,6
S263,C18,3,6
S263,C27,4,6
S263,C29,2,6
S263,C41,3,6
S263,C47,2,7
S263,C37,2,7
S263,C28,4,7
S263,C40,3,7
S263,C42,4,7
S264,C03,3,1
S264,C01,2,1
S264,C02,3,1
S264,C04,2,2
S264,C06,4,2
S264,C07,5,2
S264,C05,3,2
S264,C11,4,3
S264,C14,2,3
S264,C08,3,3
S264,C10,2,3
S264,C13,4,3
S264,C15,3,4
S264,C19,4,4
S264,C26,4,4
S264,C18,3,4
S264,C16,2,4
S265,C01,3,1
S265,C03,3,1
S265,C02,3,1
S265,C05,4,2
S265,C04,5,2
S265,C06,2,2
S265,C07,3,2
S265,C08,4,3
S265,C12,3,3
S265,C10,4,3
S265,C13,3,3
S265,C14,3,3
S265,C19,2,4
S265,C11,2,4
S265,C16,3,4
S265,C23,3,4
S265,C15,3,4
S265,C33,3,5
S265,C09,3,5
S265,C26,3,5
S265,C32,4,5
S265,C20,3,5
S265,C31,3,6
S265,C22,3,6
S265,C34,3,6
S265,C27,2,6
S265,C39,3,6
S265,C45,4,7
S265,C44,4,7
S265,C48,3,7
S265,C36,3,7
S265,C35,2,7
S265,C30,3,8
S265,C42,3,8
S265,C46,4,8
S265,C28,3,8
S265,C47,2,8
S266,C01,4,1
S266,C02,4,1
S266,C03,2,1
S266,C04,4,2
S266,C05,5,2
S266,C07,4,2
S266,C06,3,2
S266,C08,5,3
S266,C11,3,3
S266,C10,3,3
S266,C12,3,3
S266,C13,3,3
S266,C15,4,4
S266,C19,5,4
S266,C26,2,4
S266,C16,3,4
S266,C14,2,4
S266,C20,4,5
S266,C23,3,5
S266,C27,5,5
S266,C34,2,5
S266,C31,3,5
S266,C35,4,6
S266,C39,3,6
S266,C38,3,6
S266,C32,2,6
S266,C33,3,6
S266,C44,3,7
S266,C43,3,7
S266,C45,4,7
S266,C30,3,7
S266,C28,3,7
S267,C03,3,1
S267,C01,1,1
S267,C02,3,1
S267,C05,3,2
S267,C07,3,2
S267,C04,3,2
S267,C06,3,2
S267,C10,4,3
S267,C12,2,3
S267,C08,2,3
S267,C09,3,3
S267,C13,3,3
S267,C16,4,4
S267,C23,3,4
S267,C19,3,4
S267,C17,4,4
S267,C24,3,4
S267,C22,4,5
S267,C15,3,5
S267,C30,2,5
S267,C18,2,5
S267,C11,2,5
S268,C03,2,1
S268,C01,2,1
S268,C02,4,1
S268,C07,3,2
S268,C06,4,2
S268,C05,3,2
S268,C04,3,2
S268,C09,4,3
S268,C14,3,3
S268,C12,3,3
S268,C08,2,3
S268,C11,3,3
S268,C24,4,4
S268,C10,3,4
S268,C13,3,4
S268,C19,4,4
S268,C17,3,4
S268,C22,3,5
S268,C34,4,5
S268,C16,3,5
S268,C23,3,5
S268,C33,3,5
S269,C03,2,1
S269,C01,3,1
S269,C02,3,1
S269,C04,3,2
S269,C05,3,2
S269,C06,2,2
S269,C07,3,2
S269,C12,3,3
S269,C08,3,3
S269,C14,4,3
S269,C13,3,3
S269,C11,1,3
S270,C03,4,1
S270,C02,2,1
S270,C01,2,1
S270,C04,4,2
S270,C07,4,2
S270,C06,4,2
S270,C05,3,2
S270,C12,2,3
S270,C11,2,3
S270,C13,3,3
S270,C14,3,3
S270,C09,2,3
S270,C23,3,4
S270,C24,3,4
S270,C17,3,4
S270,C08,3,4
S270,C26,5,4
S270,C19,2,5
S270,C30,3,5
S270,C33,5,5
S270,C31,3,5
S270,C34,4,5
S270,C39,3,6
S270,C38,3,6
S270,C29,3,6
S270,C18,1,6
S270,C37,3,6
S270,C25,3,7
S270,C44,2,7
S270,C45,3,7
S270,C41,2,7
S270,C48,3,7
S271,C03,3,1
S271,C02,4,1
S271,C01,3,1
S271,C07,2,2
S271,C04,2,2
S271,C06,2,2
S271,C05,3,2
S271,C08,3,3
S271,C11,4,3
S271,C12,4,3
S271,C14,3,3
S271,C09,3,3
S271,C19,3,4
S271,C24,4,4
S271,C17,4,4
S271,C18,2,4
S271,C13,1,4
S271,C23,2,5
S271,C34,3,5
S271,C25,3,5
S271,C26,3,5
S271,C33,3,5
S271,C31,4,6
S271,C41,5,6
S271,C29,3,6
S271,C30,3,6
S271,C39,2,6
S271,C40,2,7
S271,C48,3,7
S271,C45,4,7
S271,C44,2,7
S271,C37,3,7
S272,C01,3,1
S272,C03,2,1
S272,C02,3,1
S272,C04,4,2
S272,C06,2,2
S272,C07,3,2
S272,C05,3,2
S272,C08,2,3
S272,C14,3,3
S272,C11,3,3
S272,C13,3,3
S272,C12,3,3
S272,C23,2,4
S272,C10,4,4
S272,C19,4,4
S272,C26,2,4
S272,C18,2,4
S272,C31,5,5
S272,C34,4,5
S272,C16,3,5
S272,C29,2,5
S272,C09,3,5
S272,C40,3,6
S272,C38,2,6
S272,C25,2,6
S272,C22,2,6
S272,C35,2,6
S273,C02,3,1
S273,C01,4,1
S273,C03,3,1
S273,C05,3,2
S273,C06,3,2
S273,C07,3,2
S273,C04,3,2
S273,C14,4,3
S273,C09,4,3
S273,C08,2,3
S273,C11,3,3
S273,C10,4,3
S273,C22,5,4
S273,C16,4,4
S273,C19,3,4
S273,C18,2,4
S273,C13,3,4
S273,C24,2,5
S273,C12,2,5
S273,C23,3,5
S273,C15,4,5
S273,C25,2,5
S273,C32,3,6
S273,C36,4,6
S273,C21,4,6
S273,C30,3,6
S273,C33,2,6
S273,C46,3,7
S273,C38,2,7
S273,C35,2,7
S273,C48,3,7
S273,C20,2,7
S273,C47,4,8
S273,C45,3,8
S273,C29,2,8
S273,C44,3,8
S273,C39,3,8
S274,C02,3,1
S274,C03,2,1
S274,C01,2,1
S274,C06,4,2
S274,C04,3,2
S274,C07,3,2
S274,C05,2,2
S274,C12,3,3
S274,C10,3,3
S274,C13,4,3
S274,C11,3,3
S274,C08,3,3
S274,C18,3,4
S274,C23,4,4
S274,C26,3,4
S274,C16,4,4
S274,C15,3,4
S274,C29,4,5
S274,C19,3,5
S274,C30,4,5
S274,C27,2,5
S274,C32,2,5
S274,C14,2,6
S274,C40,3,6
S274,C33,3,6
S274,C20,3,6
S274,C38,2,6
S274,C42,3,7
S274,C35,2,7
S274,C28,1,7
S274,C46,3,7
S274,C34,3,7
S275,C02,3,1
S275,C01,3,1
S275,C03,1,1
S275,C04,3,2
S275,C05,4,2
S275,C06,3,2
S275,C07,3,2
S275,C08,4,3
S275,C09,2,3
S275,C10,4,3
S275,C14,2,3
S275,C12,4,3
S275,C15,4,4
S275,C11,2,4
S275,C19,5,4
S275,C17,2,4
S275,C22,4,4
S275,C20,4,5
S275,C13,3,5
S275,C27,4,5
S275,C24,3,5
S275,C16,3,5
S275,C36,4,6
S275,C35,4,6
S275,C38,3,6
S275,C39,4,6
S275,C28,5,6
S275,C45,3,7
S275,C44,5,7
S275,C42,3,7
S275,C32,2,7
S275,C34,2,7
S276,C03,3,1
S276,C02,2,1
S276,C01,3,1
S276,C06,4,2
S276,C07,3,2
S276,C04,3,2
S276,C05,3,2
S276,C14,4,3
S276,C08,3,3
S276,C11,3,3
S276,C12,3,3
S276,C10,2,3
S276,C19,4,4
S276,C15,3,4
S276,C16,3,4
S276,C13,4,4
S276,C18,2,4
S277,C01,4,1
S277,C03,4,1
S277,C02,4,1
S277,C05,4,2
S277,C06,4,2
S277,C07,3,2
S277,C04,5,2
S277,C12,3,3
S277,C13,4,3
S277,C08,3,3
S277,C11,4,3
S277,C14,3,3
S277,C26,5,4
S277,C19,4,4
S277,C09,3,4
S277,C23,4,4
S277,C10,3,4
S277,C34,4,5
S277,C33,4,5
S277,C31,4,5
S277,C22,3,5
S277,C17,3,5
S277,C38,5,6
S277,C30,3,6
S277,C39,3,6
S277,C41,2,6
S277,C35,2,6
S277,C44,3,7
S277,C48,4,7
S277,C45,5,7
S277,C36,1,7
S277,C46,3,7
S278,C01,3,1
S278,C02,2,1
S278,C03,2,1
S278,C06,3,2
S278,C05,3,2
S278,C04,4,2
S278,C07,3,2
S278,C14,4,3
S278,C09,5,3
S278,C08,3,3
S278,C13,3,3
S278,C10,3,3
S278,C22,3,4
S278,C15,3,4
S278,C16,4,4
S278,C19,3,4
S278,C24,3,4
S278,C21,3,5
S278,C34,3,5
S278,C12,2,5
S278,C23,2,5
S278,C32,4,5
S278,C29,2,6
S278,C39,4,6
S278,C36,4,6
S278,C38,3,6
S278,C30,3,6
S278,C45,5,7
S278,C40,4,7
S278,C47,3,7
S278,C44,4,7
S278,C35,3,7
S279,C01,2,1
S279,C02,4,1
S279,C03,4,1
S279,C07,3,2
S279,C06,3,2
S279,C04,3,2
S279,C05,2,2
S279,C10,2,3
S279,C08,4,3
S279,C09,2,3
S279,C11,3,3
S279,C12,4,3
S280,C01,3,1
S280,C02,4,1
S280,C03,3,1
S280,C04,4,2
S280,C07,3,2
S280,C06,3,2
S280,C05,3,2
S280,C10,4,3
S280,C12,4,3
S280,C08,3,3
S280,C13,4,3
S280,C14,3,3
S280,C15,2,4
S280,C23,2,4
S280,C16,2,4
S280,C18,2,4
S280,C11,2,4
S280,C29,4,5
S280,C09,2,5
S280,C27,2,5
S280,C25,2,5
S280,C33,4,5
S280,C20,3,6
S280,C30,4,6
S280,C40,3,6
S280,C21,3,6
S280,C24,4,6
S280,C38,4,7
S280,C46,4,7
S280,C34,3,7
S280,C32,3,7
S280,C44,3,7
S280,C45,3,8
S280,C42,2,8
S280,C39,4,8
S280,C47,3,8
S280,C48,3,8
S281,C03,1,1
S281,C02,3,1
S281,C01,1,1
S281,C04,4,2
S281,C07,3,2
S281,C06,2,2
S281,C05,3,2
S281,C09,2,3
S281,C11,4,3
S281,C12,2,3
S281,C10,3,3
S281,C08,3,3
S281,C17,3,4
S281,C24,4,4
S281,C14,2,4
S281,C13,2,4
S281,C15,3,4
S281,C23,4,5
S281,C18,3,5
S281,C27,1,5
S281,C19,3,5
S281,C33,4,5
S282,C01,4,1
S282,C02,2,1
S282,C03,3,1
S282,C06,3,2
S282,C04,4,2
S282,C05,5,2
S282,C07,3,2
S282,C11,3,3
S282,C14,2,3
S282,C08,4,3
S282,C12,3,3
S282,C10,2,3
S283,C03,2,1
S283,C01,4,1
S283,C02,3,1
S283,C05,5,2
S283,C07,3,2
S283,C04,4,2
S283,C06,4,2
S283,C08,3,3
S283,C14,4,3
S283,C10,3,3
S283,C12,4,3
S283,C11,3,3
S283,C13,3,4
S283,C19,3,4
S283,C15,4,4
S283,C18,2,4
S283,C16,3,4
S283,C34,4,5
S283,C25,2,5
S283,C23,3,5
S283,C32,3,5
S283,C33,4,5
S284,C01,4,1
S284,C03,4,1
S284,C02,2,1
S284,C05,4,2
S284,C04,4,2
S284,C06,2,2
S284,C07,4,2
S284,C11,4,3
S284,C12,4,3
S284,C13,3,3
S284,C10,3,3
S284,C09,3,3
S284,C26,5,4
S284,C14,3,4
S284,C23,3,4
S284,C08,2,4
S284,C24,2,4
S284,C19,2,5
S284,C33,3,5
S284,C15,3,5
S284,C16,3,5
S284,C34,3,5
S284,C31,3,6
S284,C30,4,6
S284,C38,4,6
S284,C39,3,6
S284,C29,3,6
S284,C32,2,7
S284,C40,3,7
S284,C48,4,7
S284,C45,2,7
S284,C27,2,7
S285,C03,3,1
S285,C02,4,1
S285,C01,3,1
S285,C06,4,2
S285,C07,2,2
S285,C05,2,2
S285,C04,3,2
S285,C10,4,3
S285,C12,2,3
S285,C13,3,3
S285,C11,3,3
S285,C14,3,3
S285,C23,3,4
S285,C15,2,4
S285,C26,2,4
S285,C16,4,4
S285,C08,3,4
S285,C30,4,5
S285,C31,3,5
S285,C18,3,5
S285,C29,2,5
S285,C33,2,5
S285,C32,4,6
S285,C40,3,6
S285,C38,2,6
S285,C20,2,6
S285,C19,2,6
S286,C01,3,1
S286,C03,2,1
S286,C02,3,1
S286,C04,2,2
S286,C06,4,2
S286,C05,3,2
S286,C07,3,2
S286,C14,4,3
S286,C13,2,3
S286,C08,3,3
S286,C09,3,3
S286,C11,2,3
S286,C26,3,4
S286,C18,3,4
S286,C12,3,4
S286,C19,3,4
S286,C23,2,4
S287,C03,4,1
S287,C01,4,1
S287,C02,3,1
S287,C07,2,2
S287,C06,2,2
S287,C05,2,2
S287,C04,3,2
S287,C12,4,3
S287,C10,3,3
S287,C08,3,3
S287,C09,3,3
S287,C14,4,3
S288,C03,3,1
S288,C01,4,1
S288,C02,3,1
S288,C04,3,2
S288,C06,2,2
S288,C07,3,2
S288,C05,4,2
S288,C09,4,3
S288,C12,3,3
S288,C11,4,3
S288,C14,2,3
S288,C08,3,3
S288,C17,3,4
S288,C19,2,4
S288,C10,3,4
S288,C13,3,4
S288,C18,2,4
S288,C23,4,5
S288,C26,3,5
S288,C24,3,5
S288,C25,3,5
S288,C22,4,5
S288,C29,3,6
S288,C33,2,6
S288,C36,4,6
S288,C31,2,6
S288,C35,2,6
S289,C03,3,1
S289,C01,4,1
S289,C02,3,1
S289,C07,4,2
S289,C06,2,2
S289,C04,4,2
S289,C05,4,2
S289,C08,4,3
S289,C12,3,3
S289,C11,3,3
S289,C13,2,3
S289,C10,3,3
S289,C15,3,4
S289,C18,4,4
S289,C16,2,4
S289,C26,2,4
S289,C23,3,4
S289,C29,3,5
S289,C14,3,5
S289,C19,3,5
S289,C25,3,5
S289,C27,3,5
S289,C30,2,6
S289,C35,3,6
S289,C32,3,6
S289,C40,3,6
S289,C34,4,6
S290,C03,2,1
S290,C01,3,1
S290,C02,3,1
S290,C05,3,2
S290,C07,3,2
S290,C04,2,2
S290,C06,3,2
S290,C10,1,3
S290,C14,4,3
S290,C09,2,3
S290,C13,3,3
S290,C12,3,3
S290,C16,3,4
S290,C23,4,4
S290,C08,4,4
S290,C17,3,4
S290,C24,3,4
S291,C01,3,1
S291,C02,3,1
S291,C03,3,1
S291,C06,3,2
S291,C04,4,2
S291,C05,3,2
S291,C07,3,2
S291,C10,4,3
S291,C14,2,3
S291,C09,5,3
S291,C08,2,3
S291,C13,3,3
S291,C15,3,4
S291,C24,3,4
S291,C16,4,4
S291,C22,4,4
S291,C11,2,4
S291,C19,2,5
S291,C34,4,5
S291,C21,3,5
S291,C26,3,5
S291,C20,2,5
S292,C02,5,1
S292,C03,3,1
S292,C01,3,1
S292,C07,3,2
S292,C04,2,2
S292,C06,3,2
S292,C05,4,2
S292,C14,4,3
S292,C12,3,3
S292,C08,3,3
S292,C09,3,3
S292,C10,3,3
S292,C22,3,4
S292,C19,4,4
S292,C17,5,4
S292,C15,5,4
S292,C24,3,4
S292,C20,4,5
S292,C34,4,5
S292,C27,4,5
S292,C21,3,5
S292,C32,3,5
S293,C03,4,1
S293,C01,3,1
S293,C02,3,1
S293,C07,5,2
S293,C05,3,2
S293,C06,4,2
S293,C04,3,2
S293,C08,4,3
S293,C12,2,3
S293,C14,3,3
S293,C11,4,3
S293,C13,4,3
S293,C19,3,4
S293,C10,3,4
S293,C26,4,4
S293,C23,3,4
S293,C09,2,4
S293,C33,3,5
S293,C15,4,5
S293,C31,3,5
S293,C18,2,5
S293,C22,3,5
S294,C01,2,1
S294,C03,4,1
S294,C02,4,1
S294,C05,2,2
S294,C07,3,2
S294,C04,3,2
S294,C06,4,2
S294,C11,5,3
S294,C08,4,3
S294,C09,4,3
S294,C13,4,3
S294,C14,3,3
S294,C26,4,4
S294,C12,4,4
S294,C24,3,4
S294,C10,4,4
S294,C19,2,4
S294,C33,3,5
S294,C22,4,5
S294,C34,2,5
S294,C16,3,5
S294,C23,2,5
S294,C31,4,6
S294,C38,4,6
S294,C17,3,6
S294,C30,3,6
S294,C36,4,6
S294,C35,2,7
S294,C46,3,7
S294,C37,4,7
S294,C45,3,7
S294,C29,4,7
S294,C44,3,8
S294,C48,5,8
S294,C40,2,8
S294,C41,3,8
S294,C39,3,8
S295,C01,4,1
S295,C03,2,1
S295,C02,3,1
S295,C07,2,2
S295,C04,4,2
S295,C06,3,2
S295,C05,4,2
S295,C12,3,3
S295,C14,3,3
S295,C10,3,3
S295,C08,4,3
S295,C11,1,3
S295,C19,4,4
S295,C16,3,4
S295,C15,2,4
S295,C18,2,4
S295,C13,3,4
S295,C23,3,5
S295,C33,4,5
S295,C32,3,5
S295,C34,4,5
S295,C20,3,5
S295,C30,3,6
S295,C39,3,6
S295,C27,2,6
S295,C29,3,6
S295,C35,3,6
S295,C42,3,7
S295,C44,5,7
S295,C47,4,7
S295,C38,3,7
S295,C40,3,7
S295,C48,2,8
S295,C46,3,8
S295,C45,2,8
S295,C28,2,8
S296,C01,4,1
S296,C02,3,1
S296,C03,2,1
S296,C07,4,2
S296,C05,3,2
S296,C06,3,2
S296,C04,4,2
S296,C12,3,3
S296,C09,3,3
S296,C08,3,3
S296,C10,2,3
S296,C14,3,3
S296,C13,3,4
S296,C18,3,4
S296,C19,3,4
S296,C16,3,4
S296,C24,3,4
S296,C23,5,5
S296,C17,4,5
S296,C25,3,5
S296,C15,2,5
S296,C34,4,5
S296,C32,3,6
S296,C22,2,6
S296,C29,3,6
S296,C35,1,6
S296,C30,4,6
S296,C44,4,7
S296,C40,2,7
S296,C47,2,7
S296,C38,2,7
S296,C37,4,7
S296,C46,3,8
S296,C39,2,8
S296,C36,2,8
S296,C45,4,8
S296,C27,4,8
S297,C02,3,1
S297,C03,1,1
S297,C01,4,1
S297,C05,4,2
S297,C04,4,2
S297,C07,4,2
S297,C06,3,2
S297,C08,4,3
S297,C10,2,3
S297,C11,3,3
S297,C14,2,3
S297,C12,3,3
S297,C15,3,4
S297,C19,4,4
S297,C13,3,4
S297,C09,4,4
S297,C16,2,4
S297,C20,3,5
S297,C17,4,5
S297,C34,1,5
S297,C23,3,5
S297,C22,3,5
S297,C36,3,6
S297,C32,3,6
S297,C27,5,6
S297,C28,5,6
S297,C35,3,6
S298,C02,3,1
S298,C01,3,1
S298,C03,2,1
S298,C07,2,2
S298,C04,3,2
S298,C06,3,2
S298,C05,2,2
S298,C14,5,3
S298,C08,2,3
S298,C09,4,3
S298,C12,3,3
S298,C10,2,3
S298,C16,4,4
S298,C13,2,4
S298,C22,5,4
S298,C24,4,4
S298,C17,3,4
S298,C34,3,5
S298,C19,2,5
S298,C23,2,5
S298,C15,2,5
S298,C11,3,5
S298,C39,4,6
S298,C21,4,6
S298,C32,3,6
S298,C30,4,6
S298,C33,3,6
S299,C01,4,1
S299,C02,2,1
S299,C03,3,1
S299,C04,5,2
S299,C05,5,2
S299,C06,3,2
S299,C07,3,2
S299,C13,3,3
S299,C08,2,3
S299,C12,4,3
S299,C14,3,3
S299,C11,2,3
S299,C23,4,4
S299,C18,2,4
S299,C19,2,4
S299,C26,3,4
S299,C10,3,4
S299,C29,3,5
S299,C31,3,5
S299,C25,2,5
S299,C30,4,5
S299,C34,3,5
S299,C40,4,6
S299,C16,3,6
S299,C38,3,6
S299,C15,3,6
S299,C39,3,6
S300,C02,4,1
S300,C01,4,1
S300,C03,3,1
S300,C04,3,2
S300,C07,3,2
S300,C05,4,2
S300,C06,3,2
S300,C08,4,3
S300,C11,1,3
S300,C13,2,3
S300,C14,3,3
S300,C09,3,3
S300,C18,2,4
S300,C23,3,4
S300,C12,3,4
S300,C24,3,4
S300,C19,3,4
S300,C26,2,5
S300,C30,3,5
S300,C29,3,5
S300,C17,2,5
S300,C34,3,5
S300,C31,3,6
S300,C39,2,6
S300,C25,2,6
S300,C41,2,6
S300,C37,3,6
