model,student_id,semester,precision,recall,f1,prereq_violation,time_ms
Content-Based,S001,7,0.4,1.0,0.5714285714285715,0.4,5.755001000011362
Collaborative Filtering,S001,7,0.0,0.0,0.0,0.6,1.4272800000298957
Academic-Aware Hybrid,S001,7,0.4,1.0,0.5714285714285715,0.0,5.571085999918068
Random (baseline),S001,7,0.0,0.0,0.0,0.4,1.2068489999137455
Content-Based,S002,7,0.2,0.5,0.28571428571428575,0.2,5.006029000014678
Collaborative Filtering,S002,7,0.0,0.0,0.0,0.4,1.5452879999884317
Academic-Aware Hybrid,S002,7,0.4,1.0,0.5714285714285715,0.0,5.578524000043217
Random (baseline),S002,7,0.2,0.5,0.28571428571428575,0.2,0.9187719999772526
Content-Based,S005,7,0.4,0.6666666666666666,0.5,0.4,5.180031000008967
Collaborative Filtering,S005,7,0.2,0.3333333333333333,0.25,0.0,1.4220609999711087
Academic-Aware Hybrid,S005,7,0.6,1.0,0.7499999999999999,0.0,5.88945499998772
Random (baseline),S005,7,0.4,0.6666666666666666,0.5,0.6,0.9397789999638917
Content-Based,S007,4,0.0,0.0,0.0,0.8,4.392645999928391
Collaborative Filtering,S007,4,0.0,0.0,0.0,0.4,1.2401100000261067
Academic-Aware Hybrid,S007,4,0.2,1.0,0.33333333333333337,0.0,5.421131999924
Random (baseline),S007,4,0.0,0.0,0.0,0.6,1.2098550000700925
Content-Based,S008,7,0.4,1.0,0.5714285714285715,0.2,4.243100999929084
Collaborative Filtering,S008,7,0.0,0.0,0.0,0.2,1.2714020000430537
Academic-Aware Hybrid,S008,7,0.4,1.0,0.5714285714285715,0.0,4.6675109999796405
Random (baseline),S008,7,0.0,0.0,0.0,0.2,0.9042970000336936
Content-Based,S010,4,0.4,0.5,0.4444444444444445,0.4,3.6902069999769083
Collaborative Filtering,S010,4,0.2,0.25,0.22222222222222224,0.0,1.1863049999192299
Academic-Aware Hybrid,S010,4,0.8,1.0,0.888888888888889,0.0,4.649869999980183
Random (baseline),S010,4,0.0,0.0,0.0,0.8,0.8840120000286333
Content-Based,S011,6,0.4,1.0,0.5714285714285715,0.0,3.869261999966511
Collaborative Filtering,S011,6,0.0,0.0,0.0,0.4,1.2316529999907289
Academic-Aware Hybrid,S011,6,0.4,1.0,0.5714285714285715,0.0,4.4509609999749955
Random (baseline),S011,6,0.2,0.5,0.28571428571428575,0.2,0.8480230000031952
Content-Based,S013,3,0.0,0.0,0.0,0.8,3.2949339999959193
Collaborative Filtering,S013,3,0.2,1.0,0.33333333333333337,0.0,1.1900499999910608
Academic-Aware Hybrid,S013,3,0.2,1.0,0.33333333333333337,0.0,4.248907000032887
Random (baseline),S013,3,0.0,0.0,0.0,0.8,0.8630660000790158
Content-Based,S014,4,0.0,0.0,0.0,0.4,4.3657749999965745
Collaborative Filtering,S014,4,0.0,0.0,0.0,0.0,1.2604369999280607
Academic-Aware Hybrid,S014,4,0.2,1.0,0.33333333333333337,0.0,4.518533999998908
Random (baseline),S014,4,0.0,0.0,0.0,0.8,0.9249049999198178
Content-Based,S016,5,0.2,1.0,0.33333333333333337,0.2,4.229221000059624
Collaborative Filtering,S016,5,0.0,0.0,0.0,0.4,1.317512000014176
Academic-Aware Hybrid,S016,5,0.2,1.0,0.33333333333333337,0.0,5.193488000031721
Random (baseline),S016,5,0.2,1.0,0.33333333333333337,0.4,0.9090270000342571
Content-Based,S017,3,0.0,0.0,0.0,1.0,3.3999290000110705
Collaborative Filtering,S017,3,0.2,1.0,0.33333333333333337,0.0,1.0498789999928704
Academic-Aware Hybrid,S017,3,0.2,1.0,0.33333333333333337,0.0,3.8525259999460104
Random (baseline),S017,3,0.0,0.0,0.0,1.0,0.7264700000177982
Content-Based,S018,6,0.6,1.0,0.7499999999999999,0.2,3.906856000071457
Collaborative Filtering,S018,6,0.2,0.3333333333333333,0.25,0.0,1.1418369999773859
Academic-Aware Hybrid,S018,6,0.6,1.0,0.7499999999999999,0.0,4.678980000107913
Random (baseline),S018,6,0.2,0.3333333333333333,0.25,0.6,0.8540239999774712
Content-Based,S019,7,0.2,1.0,0.33333333333333337,0.2,4.7609250000277825
Collaborative Filtering,S019,7,0.0,0.0,0.0,0.2,1.2472749999687949
Academic-Aware Hybrid,S019,7,0.2,1.0,0.33333333333333337,0.0,4.494687000033082
Random (baseline),S019,7,0.0,0.0,0.0,0.4,0.9353079999527836
Content-Based,S021,4,0.0,0.0,0.0,0.6,3.9381949999324206
Collaborative Filtering,S021,4,0.4,1.0,0.5714285714285715,0.0,1.1217690000648872
Academic-Aware Hybrid,S021,4,0.4,1.0,0.5714285714285715,0.0,4.221873999995296
Random (baseline),S021,4,0.0,0.0,0.0,1.0,0.9575069999527841
Content-Based,S022,5,0.0,0.0,0.0,0.8,3.885355999955209
Collaborative Filtering,S022,5,0.0,0.0,0.0,0.0,1.1079910000262316
Academic-Aware Hybrid,S022,5,0.0,0.0,0.0,0.0,4.782630000022436
Random (baseline),S022,5,0.0,0.0,0.0,0.8,0.8704189999662049
Content-Based,S023,3,0.2,1.0,0.33333333333333337,0.6,3.9875209999991057
Collaborative Filtering,S023,3,0.2,1.0,0.33333333333333337,0.0,1.1893990000544363
Academic-Aware Hybrid,S023,3,0.2,1.0,0.33333333333333337,0.0,4.650397000091289
Random (baseline),S023,3,0.0,0.0,0.0,0.8,0.8330320000595748
Content-Based,S024,7,0.2,0.3333333333333333,0.25,0.6,4.525415999978577
Collaborative Filtering,S024,7,0.0,0.0,0.0,0.2,1.4893540000002758
Academic-Aware Hybrid,S024,7,0.2,0.3333333333333333,0.25,0.0,6.067400999995698
Random (baseline),S024,7,0.2,0.3333333333333333,0.25,0.2,1.0393969999995534
Content-Based,S025,7,0.0,0.0,0.0,0.0,4.678946000012729
Collaborative Filtering,S025,7,0.0,0.0,0.0,0.0,1.35527899999488
Academic-Aware Hybrid,S025,7,0.0,0.0,0.0,0.0,5.060863000039717
Random (baseline),S025,7,0.0,0.0,0.0,0.0,0.9292710000181614
Content-Based,S026,6,0.0,0.0,0.0,0.2,4.134219999968991
Collaborative Filtering,S026,6,0.0,0.0,0.0,0.0,1.2105090000886776
Academic-Aware Hybrid,S026,6,0.0,0.0,0.0,0.0,4.88382800006093
Random (baseline),S026,6,0.0,0.0,0.0,0.6,0.9637400000883645
Content-Based,S029,7,0.2,1.0,0.33333333333333337,0.4,4.06886600001144
Collaborative Filtering,S029,7,0.0,0.0,0.0,0.0,1.6846299999997427
Academic-Aware Hybrid,S029,7,0.2,1.0,0.33333333333333337,0.0,6.279285000005075
Random (baseline),S029,7,0.0,0.0,0.0,0.2,1.6526339999245465
Content-Based,S030,4,0.4,0.6666666666666666,0.5,0.6,5.1648710000336
Collaborative Filtering,S030,4,0.2,0.3333333333333333,0.25,0.4,1.655208000101993
Academic-Aware Hybrid,S030,4,0.6,1.0,0.7499999999999999,0.0,5.63572999999451
Random (baseline),S030,4,0.2,0.3333333333333333,0.25,0.6,0.9183790000406589
Content-Based,S031,7,0.4,1.0,0.5714285714285715,0.4,3.7162309999985155
Collaborative Filtering,S031,7,0.0,0.0,0.0,0.4,1.1208240000541991
Academic-Aware Hybrid,S031,7,0.4,1.0,0.5714285714285715,0.0,4.752116000076967
Random (baseline),S031,7,0.0,0.0,0.0,0.4,0.9674180000729393
Content-Based,S032,6,0.2,1.0,0.33333333333333337,0.2,3.8951109999061373
Collaborative Filtering,S032,6,0.0,0.0,0.0,0.0,1.1208779999378748
Academic-Aware Hybrid,S032,6,0.2,1.0,0.33333333333333337,0.0,4.257374999951935
Random (baseline),S032,6,0.0,0.0,0.0,0.2,0.9224450000147044
Content-Based,S033,4,0.0,0.0,0.0,0.4,4.098908999935702
Collaborative Filtering,S033,4,0.2,1.0,0.33333333333333337,0.0,1.0836640000206899
Academic-Aware Hybrid,S033,4,0.0,0.0,0.0,0.0,4.100466999943819
Random (baseline),S033,4,0.0,0.0,0.0,1.0,0.7495440000866438
Content-Based,S036,8,0.0,0.0,0.0,0.4,4.062733999944612
Collaborative Filtering,S036,8,0.0,0.0,0.0,0.2,1.1665370000173425
Academic-Aware Hybrid,S036,8,0.2,0.5,0.28571428571428575,0.0,4.83646900011081
Random (baseline),S036,8,0.2,0.5,0.28571428571428575,0.2,0.9110860000873799
Content-Based,S037,6,0.2,0.25,0.22222222222222224,0.6,3.971556999999848
Collaborative Filtering,S037,6,0.0,0.0,0.0,0.4,1.3348269999369222
Academic-Aware Hybrid,S037,6,0.6,0.75,0.6666666666666665,0.0,4.459838999991916
Random (baseline),S037,6,0.2,0.25,0.22222222222222224,0.6,0.9366860000454835
Content-Based,S039,7,0.4,0.6666666666666666,0.5,0.2,3.740426000035768
Collaborative Filtering,S039,7,0.2,0.3333333333333333,0.25,0.0,1.1803360000612884
Academic-Aware Hybrid,S039,7,0.4,0.6666666666666666,0.5,0.0,4.216320000068663
Random (baseline),S039,7,0.2,0.3333333333333333,0.25,0.2,0.8137040000519846
Content-Based,S041,4,0.4,1.0,0.5714285714285715,0.2,3.9749540000002526
Collaborative Filtering,S041,4,0.0,0.0,0.0,0.2,1.316140999961135
Academic-Aware Hybrid,S041,4,0.4,1.0,0.5714285714285715,0.0,4.523404999986269
Random (baseline),S041,4,0.0,0.0,0.0,0.6,0.8998399999882167
Content-Based,S042,6,0.4,0.6666666666666666,0.5,0.2,3.79418300008183
Collaborative Filtering,S042,6,0.0,0.0,0.0,0.0,1.152434000005087
Academic-Aware Hybrid,S042,6,0.6,1.0,0.7499999999999999,0.0,4.178801999955795
Random (baseline),S042,6,0.0,0.0,0.0,0.8,0.8555389999855834
Content-Based,S043,5,0.2,1.0,0.33333333333333337,0.2,3.4463399999822286
Collaborative Filtering,S043,5,0.2,1.0,0.33333333333333337,0.0,1.1486030000469327
Academic-Aware Hybrid,S043,5,0.2,1.0,0.33333333333333337,0.0,4.012869000007413
Random (baseline),S043,5,0.0,0.0,0.0,0.2,0.8699620000243158
Content-Based,S044,6,0.4,1.0,0.5714285714285715,0.0,3.963696000027994
Collaborative Filtering,S044,6,0.0,0.0,0.0,0.2,1.1710080000284506
Academic-Aware Hybrid,S044,6,0.2,0.5,0.28571428571428575,0.0,5.0148770000078
Random (baseline),S044,6,0.2,0.5,0.28571428571428575,0.6,1.2313089999906879
Content-Based,S045,6,0.0,0.0,0.0,0.8,4.3295689999922615
Collaborative Filtering,S045,6,0.0,0.0,0.0,0.2,1.1697649999860005
Academic-Aware Hybrid,S045,6,0.2,1.0,0.33333333333333337,0.0,4.620445999989897
Random (baseline),S045,6,0.2,1.0,0.33333333333333337,0.4,0.9231349999936356
Content-Based,S046,4,0.0,0.0,0.0,1.0,3.5099250000030224
Collaborative Filtering,S046,4,0.2,0.5,0.28571428571428575,0.4,1.1895869999989372
Academic-Aware Hybrid,S046,4,0.4,1.0,0.5714285714285715,0.0,4.319623000014872
Random (baseline),S046,4,0.2,0.5,0.28571428571428575,0.8,0.8874200000263954
Content-Based,S047,5,0.2,1.0,0.33333333333333337,0.2,4.0001560000746395
Collaborative Filtering,S047,5,0.0,0.0,0.0,0.2,1.3692329999912545
Academic-Aware Hybrid,S047,5,0.2,1.0,0.33333333333333337,0.0,4.8254670000460465
Random (baseline),S047,5,0.2,1.0,0.33333333333333337,0.6,1.44961199998761
Content-Based,S048,8,0.2,1.0,0.33333333333333337,0.2,4.033688000049551
Collaborative Filtering,S048,8,0.2,1.0,0.33333333333333337,0.0,1.3477310000098441
Academic-Aware Hybrid,S048,8,0.2,1.0,0.33333333333333337,0.0,5.2441789999875255
Random (baseline),S048,8,0.0,0.0,0.0,0.2,0.8437110000159009
Content-Based,S049,6,0.0,0.0,0.0,0.0,3.576168999984475
Collaborative Filtering,S049,6,0.4,0.6666666666666666,0.5,0.0,1.1515090000102646
Academic-Aware Hybrid,S049,6,0.4,0.6666666666666666,0.5,0.0,4.277980999972897
Random (baseline),S049,6,0.2,0.3333333333333333,0.25,0.4,0.7865439999932278
Content-Based,S050,6,0.6,1.0,0.7499999999999999,0.0,3.511290000005829
Collaborative Filtering,S050,6,0.2,0.3333333333333333,0.25,0.2,1.1402559999851292
Academic-Aware Hybrid,S050,6,0.6,1.0,0.7499999999999999,0.0,4.218468999965808
Random (baseline),S050,6,0.0,0.0,0.0,0.4,0.88909299995521
Content-Based,S051,3,0.2,0.5,0.28571428571428575,0.6,3.67794299995694
Collaborative Filtering,S051,3,0.2,0.5,0.28571428571428575,0.0,1.0677210000267223
Academic-Aware Hybrid,S051,3,0.4,1.0,0.5714285714285715,0.0,4.671968000025117
Random (baseline),S051,3,0.0,0.0,0.0,0.8,0.9293750000551881
Content-Based,S052,3,0.4,0.6666666666666666,0.5,0.4,4.014992000065831
Collaborative Filtering,S052,3,0.4,0.6666666666666666,0.5,0.0,1.1578510000163078
Academic-Aware Hybrid,S052,3,0.6,1.0,0.7499999999999999,0.0,4.472444000043652
Random (baseline),S052,3,0.0,0.0,0.0,0.8,1.2289530000089144
Content-Based,S053,6,0.0,0.0,0.0,0.4,4.704079000021011
Collaborative Filtering,S053,6,0.0,0.0,0.0,0.0,1.821991999918282
Academic-Aware Hybrid,S053,6,0.2,0.5,0.28571428571428575,0.0,5.695946999935586
Random (baseline),S053,6,0.0,0.0,0.0,0.6,1.1282980000260068
Content-Based,S054,3,0.0,0.0,0.0,0.6,5.233740999983638
Collaborative Filtering,S054,3,0.2,1.0,0.33333333333333337,0.0,1.3995489999842903
Academic-Aware Hybrid,S054,3,0.2,1.0,0.33333333333333337,0.0,6.941396999991412
Random (baseline),S054,3,0.0,0.0,0.0,0.4,1.2906999999131585
Content-Based,S055,5,0.2,1.0,0.33333333333333337,0.4,5.170646999999917
Collaborative Filtering,S055,5,0.2,1.0,0.33333333333333337,0.0,1.0728050000352596
Academic-Aware Hybrid,S055,5,0.2,1.0,0.33333333333333337,0.0,4.170190999957413
Random (baseline),S055,5,0.0,0.0,0.0,0.2,0.8506599999691389
Content-Based,S056,7,0.2,1.0,0.33333333333333337,0.2,3.8136759999360947
Collaborative Filtering,S056,7,0.0,0.0,0.0,0.6,1.1576519999607626
Academic-Aware Hybrid,S056,7,0.2,1.0,0.33333333333333337,0.0,4.67304400001467
Random (baseline),S056,7,0.0,0.0,0.0,0.6,0.8154559999411504
Content-Based,S057,5,0.0,0.0,0.0,0.6,3.517202000011821
Collaborative Filtering,S057,5,0.2,0.3333333333333333,0.25,0.0,1.068188000090231
Academic-Aware Hybrid,S057,5,0.0,0.0,0.0,0.0,4.027922999966904
Random (baseline),S057,5,0.0,0.0,0.0,0.2,54.44239500002368
Content-Based,S058,5,0.2,1.0,0.33333333333333337,0.2,4.117833000009341
Collaborative Filtering,S058,5,0.2,1.0,0.33333333333333337,0.2,1.1991229999921416
Academic-Aware Hybrid,S058,5,0.2,1.0,0.33333333333333337,0.0,4.107033999957821
Random (baseline),S058,5,0.2,1.0,0.33333333333333337,0.2,0.8736829998952089
Content-Based,S060,8,0.2,0.5,0.28571428571428575,0.2,3.968203999988873
Collaborative Filtering,S060,8,0.0,0.0,0.0,0.0,1.2008470000637317
Academic-Aware Hybrid,S060,8,0.2,0.5,0.28571428571428575,0.0,4.778249000082724
Random (baseline),S060,8,0.0,0.0,0.0,0.4,1.3591140000244195
Content-Based,S061,8,0.2,0.5,0.28571428571428575,0.6,4.501395000033881
Collaborative Filtering,S061,8,0.0,0.0,0.0,0.8,1.399932000026638
Academic-Aware Hybrid,S061,8,0.4,1.0,0.5714285714285715,0.0,4.2494940000779025
Random (baseline),S061,8,0.0,0.0,0.0,1.0,0.9979279999470236
Content-Based,S062,3,0.4,1.0,0.5714285714285715,0.4,3.521230999922409
Collaborative Filtering,S062,3,0.2,0.5,0.28571428571428575,0.0,1.0490439999557566
Academic-Aware Hybrid,S062,3,0.4,1.0,0.5714285714285715,0.0,4.020546999981889
Random (baseline),S062,3,0.0,0.0,0.0,1.0,0.8930200000349942
Content-Based,S063,6,0.2,0.5,0.28571428571428575,0.4,3.6812009999493966
Collaborative Filtering,S063,6,0.0,0.0,0.0,0.0,1.3581100000692459
Academic-Aware Hybrid,S063,6,0.2,0.5,0.28571428571428575,0.0,4.613673999983803
Random (baseline),S063,6,0.0,0.0,0.0,0.4,0.8648749999338179
Content-Based,S064,4,0.2,0.5,0.28571428571428575,0.8,4.649757000038335
Collaborative Filtering,S064,4,0.4,1.0,0.5714285714285715,0.2,1.1246110000229237
Academic-Aware Hybrid,S064,4,0.4,1.0,0.5714285714285715,0.0,4.382482999972126
Random (baseline),S064,4,0.2,0.5,0.28571428571428575,0.6,0.8074219999798515
Content-Based,S065,5,0.2,1.0,0.33333333333333337,0.0,3.6153799999283365
Collaborative Filtering,S065,5,0.0,0.0,0.0,0.0,1.0785009999381145
Academic-Aware Hybrid,S065,5,0.2,1.0,0.33333333333333337,0.0,4.449611000040932
Random (baseline),S065,5,0.2,1.0,0.33333333333333337,0.4,1.0018469999977242
Content-Based,S066,5,0.2,1.0,0.33333333333333337,0.2,3.917287999911423
Collaborative Filtering,S066,5,0.2,1.0,0.33333333333333337,0.2,1.2213410000185831
Academic-Aware Hybrid,S066,5,0.2,1.0,0.33333333333333337,0.0,4.563555000004271
Random (baseline),S066,5,0.2,1.0,0.33333333333333337,0.4,0.8920139999872845
Content-Based,S067,7,0.2,1.0,0.33333333333333337,0.2,4.271403999950962
Collaborative Filtering,S067,7,0.0,0.0,0.0,0.6,1.32078100000399
Academic-Aware Hybrid,S067,7,0.2,1.0,0.33333333333333337,0.0,4.417233000026499
Random (baseline),S067,7,0.0,0.0,0.0,0.6,0.8641200000738536
Content-Based,S069,4,0.0,0.0,0.0,1.0,3.77706799997668
Collaborative Filtering,S069,4,0.2,1.0,0.33333333333333337,0.2,1.077436999935344
Academic-Aware Hybrid,S069,4,0.2,1.0,0.33333333333333337,0.0,4.037016999973275
Random (baseline),S069,4,0.0,0.0,0.0,1.0,0.8762019999721815
Content-Based,S070,4,0.2,0.5,0.28571428571428575,0.6,3.547796000020753
Collaborative Filtering,S070,4,0.2,0.5,0.28571428571428575,0.2,1.3019999998959975
Academic-Aware Hybrid,S070,4,0.2,0.5,0.28571428571428575,0.0,4.763719000038691
Random (baseline),S070,4,0.0,0.0,0.0,0.2,0.8173530000021856
Content-Based,S071,6,0.6,1.0,0.7499999999999999,0.2,3.688914000008481
Collaborative Filtering,S071,6,0.2,0.3333333333333333,0.25,0.0,1.5395679999983258
Academic-Aware Hybrid,S071,6,0.6,1.0,0.7499999999999999,0.0,4.866010999990067
Random (baseline),S071,6,0.0,0.0,0.0,0.4,0.891365999905247
Content-Based,S072,8,0.2,1.0,0.33333333333333337,0.4,3.70757300004243
Collaborative Filtering,S072,8,0.0,0.0,0.0,0.0,1.2420100000554157
Academic-Aware Hybrid,S072,8,0.2,1.0,0.33333333333333337,0.0,5.266002999974262
Random (baseline),S072,8,0.0,0.0,0.0,0.0,0.9169820000352047
Content-Based,S075,7,0.4,1.0,0.5714285714285715,0.4,3.9406800000278963
Collaborative Filtering,S075,7,0.0,0.0,0.0,0.4,1.1528779999707695
Academic-Aware Hybrid,S075,7,0.4,1.0,0.5714285714285715,0.0,4.317445999959091
Random (baseline),S075,7,0.0,0.0,0.0,1.0,1.1196489999747428
Content-Based,S076,7,0.2,0.5,0.28571428571428575,0.4,4.673785999898428
Collaborative Filtering,S076,7,0.0,0.0,0.0,0.0,1.4420190000237199
Academic-Aware Hybrid,S076,7,0.4,1.0,0.5714285714285715,0.0,4.4476970000459914
Random (baseline),S076,7,0.0,0.0,0.0,0.4,0.9149930000376116
Content-Based,S077,3,0.4,0.6666666666666666,0.5,0.6,3.981653999971968
Collaborative Filtering,S077,3,0.4,0.6666666666666666,0.5,0.0,1.0959669999692778
Academic-Aware Hybrid,S077,3,0.6,1.0,0.7499999999999999,0.0,4.459900000028938
Random (baseline),S077,3,0.0,0.0,0.0,1.0,0.7324999999127613
Content-Based,S078,6,0.0,0.0,0.0,0.4,4.437338000002455
Collaborative Filtering,S078,6,0.2,0.5,0.28571428571428575,0.4,1.1648009999589704
Academic-Aware Hybrid,S078,6,0.2,0.5,0.28571428571428575,0.0,4.490728999940075
Random (baseline),S078,6,0.0,0.0,0.0,0.2,0.8623209999996106
Content-Based,S080,8,0.2,1.0,0.33333333333333337,0.0,3.788859999986016
Collaborative Filtering,S080,8,0.0,0.0,0.0,0.0,1.193508000028487
Academic-Aware Hybrid,S080,8,0.2,1.0,0.33333333333333337,0.0,4.881582000052731
Random (baseline),S080,8,0.2,1.0,0.33333333333333337,0.4,1.0749309999482648
Content-Based,S081,8,0.0,0.0,0.0,0.8,4.107137000005423
Collaborative Filtering,S081,8,0.0,0.0,0.0,0.6,1.208269000017026
Academic-Aware Hybrid,S081,8,0.4,1.0,0.5714285714285715,0.0,4.814136000049984
Random (baseline),S081,8,0.2,0.5,0.28571428571428575,0.4,0.8127889999514082
Content-Based,S082,4,0.2,0.5,0.28571428571428575,0.4,3.425543000048492
Collaborative Filtering,S082,4,0.4,1.0,0.5714285714285715,0.2,1.2173040000789115
Academic-Aware Hybrid,S082,4,0.2,0.5,0.28571428571428575,0.0,4.728983000063636
Random (baseline),S082,4,0.0,0.0,0.0,0.6,0.7915940000202681
Content-Based,S083,6,0.2,0.25,0.22222222222222224,0.6,3.4828760000209513
Collaborative Filtering,S083,6,0.2,0.25,0.22222222222222224,0.0,1.1019439999699898
Academic-Aware Hybrid,S083,6,0.4,0.5,0.4444444444444445,0.0,4.089335000003302
Random (baseline),S083,6,0.0,0.0,0.0,0.4,0.8437650000132635
Content-Based,S084,5,0.4,0.6666666666666666,0.5,0.4,3.352149999955145
Collaborative Filtering,S084,5,0.4,0.6666666666666666,0.5,0.0,1.1200849999113416
Academic-Aware Hybrid,S084,5,0.4,0.6666666666666666,0.5,0.0,4.386765000049309
Random (baseline),S084,5,0.2,0.3333333333333333,0.25,0.4,0.8211230000370051
Content-Based,S085,3,0.0,0.0,0.0,0.6,3.338117999987844
Collaborative Filtering,S085,3,0.4,1.0,0.5714285714285715,0.0,1.069458000074519
Academic-Aware Hybrid,S085,3,0.4,1.0,0.5714285714285715,0.0,3.7925819999600208
Random (baseline),S085,3,0.0,0.0,0.0,0.8,0.7765720000634246
Content-Based,S086,6,0.4,1.0,0.5714285714285715,0.2,4.388062999964859
Collaborative Filtering,S086,6,0.0,0.0,0.0,0.2,1.3074639999786086
Academic-Aware Hybrid,S086,6,0.4,1.0,0.5714285714285715,0.0,4.550835000031839
Random (baseline),S086,6,0.0,0.0,0.0,1.0,0.8998430000701774
Content-Based,S088,8,0.2,1.0,0.33333333333333337,0.4,4.096481000033236
Collaborative Filtering,S088,8,0.0,0.0,0.0,0.2,1.1715330000470203
Academic-Aware Hybrid,S088,8,0.2,1.0,0.33333333333333337,0.0,4.567507000047044
Random (baseline),S088,8,0.2,1.0,0.33333333333333337,0.8,0.9036669999886726
Content-Based,S089,7,0.4,0.6666666666666666,0.5,0.2,3.5171700000091732
Collaborative Filtering,S089,7,0.0,0.0,0.0,0.2,1.1034600000812134
Academic-Aware Hybrid,S089,7,0.6,1.0,0.7499999999999999,0.0,4.682151999986672
Random (baseline),S089,7,0.0,0.0,0.0,0.6,0.9430850000171631
Content-Based,S091,8,0.2,1.0,0.33333333333333337,0.4,4.004362000046058
Collaborative Filtering,S091,8,0.2,1.0,0.33333333333333337,0.6,1.1371309999503865
Academic-Aware Hybrid,S091,8,0.2,1.0,0.33333333333333337,0.0,3.6358270000391713
Random (baseline),S091,8,0.0,0.0,0.0,0.6,0.9716839999782678
Content-Based,S092,6,0.4,0.5,0.4444444444444445,0.4,4.253413000014916
Collaborative Filtering,S092,6,0.0,0.0,0.0,0.4,1.3634829999773501
Academic-Aware Hybrid,S092,6,0.6,0.75,0.6666666666666665,0.0,4.931170000077145
Random (baseline),S092,6,0.0,0.0,0.0,0.4,0.9156419999953869
Content-Based,S093,6,0.2,1.0,0.33333333333333337,0.4,3.726762000042072
Collaborative Filtering,S093,6,0.0,0.0,0.0,0.4,1.0878070000899243
Academic-Aware Hybrid,S093,6,0.0,0.0,0.0,0.0,4.683417000023837
Random (baseline),S093,6,0.0,0.0,0.0,0.4,0.9419389999720806
Content-Based,S094,7,0.2,1.0,0.33333333333333337,0.2,4.0800339999123025
Collaborative Filtering,S094,7,0.0,0.0,0.0,0.2,1.1550200000556288
Academic-Aware Hybrid,S094,7,0.2,1.0,0.33333333333333337,0.0,5.060228000047573
Random (baseline),S094,7,0.0,0.0,0.0,0.4,1.008327000022291
Content-Based,S095,5,0.2,0.5,0.28571428571428575,0.2,4.178963999947882
Collaborative Filtering,S095,5,0.0,0.0,0.0,0.6,1.1176770000247416
Academic-Aware Hybrid,S095,5,0.4,1.0,0.5714285714285715,0.0,5.096901000001708
Random (baseline),S095,5,0.0,0.0,0.0,0.6,0.7882899999458459
Content-Based,S096,8,0.0,0.0,0.0,0.6,3.8255539999454413
Collaborative Filtering,S096,8,0.0,0.0,0.0,0.4,1.1666999999988548
Academic-Aware Hybrid,S096,8,0.2,1.0,0.33333333333333337,0.0,4.378127999984827
Random (baseline),S096,8,0.0,0.0,0.0,0.2,0.8375200000045879
Content-Based,S097,8,0.0,0.0,0.0,0.4,3.574711000055686
Collaborative Filtering,S097,8,0.0,0.0,0.0,0.0,1.2320849999696293
Academic-Aware Hybrid,S097,8,0.2,1.0,0.33333333333333337,0.0,4.4793209999625105
Random (baseline),S097,8,0.0,0.0,0.0,0.6,0.9150189999900249
Content-Based,S099,4,0.0,0.0,0.0,0.2,5.236766999928477
Collaborative Filtering,S099,4,0.2,0.5,0.28571428571428575,0.2,1.2929900000244743
Academic-Aware Hybrid,S099,4,0.4,1.0,0.5714285714285715,0.0,4.4057979999934105
Random (baseline),S099,4,0.0,0.0,0.0,0.8,0.8495260000245253
Content-Based,S102,4,0.4,0.5,0.4444444444444445,0.4,3.485579999960464
Collaborative Filtering,S102,4,0.2,0.25,0.22222222222222224,0.2,1.110801999971045
Academic-Aware Hybrid,S102,4,0.6,0.75,0.6666666666666665,0.0,4.4602980000263415
Random (baseline),S102,4,0.0,0.0,0.0,1.0,0.8369130000573932
Content-Based,S103,5,0.0,0.0,0.0,0.6,3.3677490000627586
Collaborative Filtering,S103,5,0.0,0.0,0.0,0.2,1.1250999999674605
Academic-Aware Hybrid,S103,5,0.0,0.0,0.0,0.0,4.303859999936321
Random (baseline),S103,5,0.0,0.0,0.0,0.4,0.8367679999992106
Content-Based,S104,4,0.0,0.0,0.0,1.0,3.5897189999332113
Collaborative Filtering,S104,4,0.2,0.5,0.28571428571428575,0.2,1.1716019999994387
Academic-Aware Hybrid,S104,4,0.2,0.5,0.28571428571428575,0.0,4.056010999988757
Random (baseline),S104,4,0.4,1.0,0.5714285714285715,0.4,0.8370080000759117
Content-Based,S106,6,0.2,1.0,0.33333333333333337,0.4,3.9100389999475738
Collaborative Filtering,S106,6,0.0,0.0,0.0,0.0,1.3402719999930923
Academic-Aware Hybrid,S106,6,0.0,0.0,0.0,0.0,4.6922750000248925
Random (baseline),S106,6,0.2,1.0,0.33333333333333337,0.4,1.045076999957928
Content-Based,S107,5,0.2,0.5,0.28571428571428575,0.0,4.251017999990836
Collaborative Filtering,S107,5,0.4,1.0,0.5714285714285715,0.0,1.1796000000003914
Academic-Aware Hybrid,S107,5,0.4,1.0,0.5714285714285715,0.0,4.860839999992095
Random (baseline),S107,5,0.0,0.0,0.0,0.2,0.9703609999860419
Content-Based,S109,4,0.2,0.5,0.28571428571428575,0.8,4.240836999997555
Collaborative Filtering,S109,4,0.2,0.5,0.28571428571428575,0.4,1.1263320000125532
Academic-Aware Hybrid,S109,4,0.2,0.5,0.28571428571428575,0.0,4.17766499992922
Random (baseline),S109,4,0.0,0.0,0.0,0.8,0.9182190000274204
Content-Based,S110,4,0.4,1.0,0.5714285714285715,0.4,3.869520000080229
Collaborative Filtering,S110,4,0.0,0.0,0.0,0.0,1.0429789999761852
Academic-Aware Hybrid,S110,4,0.4,1.0,0.5714285714285715,0.0,4.2989309999939
Random (baseline),S110,4,0.0,0.0,0.0,0.8,0.8265300000402931
Content-Based,S111,8,0.4,1.0,0.5714285714285715,0.6,3.9011810000602054
Collaborative Filtering,S111,8,0.0,0.0,0.0,0.6,1.1461459999964063
Academic-Aware Hybrid,S111,8,0.4,1.0,0.5714285714285715,0.0,4.69374199997219
Random (baseline),S111,8,0.4,1.0,0.5714285714285715,0.2,0.9164140000166299
Content-Based,S112,7,0.2,1.0,0.33333333333333337,0.4,3.584321999937856
Collaborative Filtering,S112,7,0.0,0.0,0.0,0.0,1.094953999995596
Academic-Aware Hybrid,S112,7,0.2,1.0,0.33333333333333337,0.0,4.245684000011352
Random (baseline),S112,7,0.0,0.0,0.0,0.4,0.9138420000454062
Content-Based,S113,4,0.2,0.5,0.28571428571428575,0.6,3.299168000012287
Collaborative Filtering,S113,4,0.4,1.0,0.5714285714285715,0.0,1.0636030000341634
Academic-Aware Hybrid,S113,4,0.4,1.0,0.5714285714285715,0.0,4.162710000059633
Random (baseline),S113,4,0.0,0.0,0.0,0.6,0.8264200000667188
Content-Based,S114,3,0.0,0.0,0.0,0.8,3.77517499998703
Collaborative Filtering,S114,3,0.2,0.5,0.28571428571428575,0.0,1.1879800000542673
Academic-Aware Hybrid,S114,3,0.4,1.0,0.5714285714285715,0.0,3.842689000066457
Random (baseline),S114,3,0.0,0.0,0.0,0.6,0.7969780000394167
Content-Based,S115,5,0.2,0.3333333333333333,0.25,0.4,3.610923999985971
Collaborative Filtering,S115,5,0.2,0.3333333333333333,0.25,0.2,1.0377820000257998
Academic-Aware Hybrid,S115,5,0.6,1.0,0.7499999999999999,0.0,3.9505080000026283
Random (baseline),S115,5,0.0,0.0,0.0,0.6,0.8130759999858128
Content-Based,S116,5,0.2,1.0,0.33333333333333337,0.2,3.4571950000099605
Collaborative Filtering,S116,5,0.0,0.0,0.0,0.2,1.0899090000293654
Academic-Aware Hybrid,S116,5,0.2,1.0,0.33333333333333337,0.0,3.9706659999865224
Random (baseline),S116,5,0.0,0.0,0.0,1.0,0.9063899999546265
Content-Based,S117,4,0.4,1.0,0.5714285714285715,0.6,3.5854469999776484
Collaborative Filtering,S117,4,0.2,0.5,0.28571428571428575,0.0,1.0319790000039575
Academic-Aware Hybrid,S117,4,0.4,1.0,0.5714285714285715,0.0,3.8562290000072608
Random (baseline),S117,4,0.0,0.0,0.0,1.0,0.7982779999338163
Content-Based,S118,6,0.2,1.0,0.33333333333333337,0.2,3.5567880000826335
Collaborative Filtering,S118,6,0.0,0.0,0.0,0.6,1.1022349999620928
Academic-Aware Hybrid,S118,6,0.2,1.0,0.33333333333333337,0.0,4.217885999992177
Random (baseline),S118,6,0.0,0.0,0.0,0.2,0.8654329999444599
Content-Based,S119,5,0.2,0.3333333333333333,0.25,0.2,3.3595480000485622
Collaborative Filtering,S119,5,0.2,0.3333333333333333,0.25,0.0,1.1186689999931332
Academic-Aware Hybrid,S119,5,0.6,1.0,0.7499999999999999,0.0,3.9904459999888786
Random (baseline),S119,5,0.0,0.0,0.0,0.2,0.7908310000175334
Content-Based,S120,8,0.2,1.0,0.33333333333333337,0.6,4.336378999937551
Collaborative Filtering,S120,8,0.0,0.0,0.0,0.4,1.3060219999943001
Academic-Aware Hybrid,S120,8,0.2,1.0,0.33333333333333337,0.0,5.604739000091286
Random (baseline),S120,8,0.0,0.0,0.0,0.6,0.9271820000549269
Content-Based,S121,5,0.2,0.5,0.28571428571428575,0.0,3.784905999964394
Collaborative Filtering,S121,5,0.2,0.5,0.28571428571428575,0.0,1.0769829999617286
Academic-Aware Hybrid,S121,5,0.2,0.5,0.28571428571428575,0.0,4.034595999996782
Random (baseline),S121,5,0.0,0.0,0.0,0.8,0.8791320000227643
Content-Based,S122,4,0.4,0.5,0.4444444444444445,0.4,4.235553999933472
Collaborative Filtering,S122,4,0.2,0.25,0.22222222222222224,0.0,1.0408150000102978
Academic-Aware Hybrid,S122,4,0.8,1.0,0.888888888888889,0.0,4.375829000082376
Random (baseline),S122,4,0.4,0.5,0.4444444444444445,0.6,0.992621000023064
Content-Based,S123,3,0.2,1.0,0.33333333333333337,0.6,3.881699999965349
Collaborative Filtering,S123,3,0.2,1.0,0.33333333333333337,0.0,1.0396640000180923
Academic-Aware Hybrid,S123,3,0.2,1.0,0.33333333333333337,0.0,3.9606120000144074
Random (baseline),S123,3,0.2,1.0,0.33333333333333337,0.8,0.7748530000526443
Content-Based,S124,5,0.4,0.6666666666666666,0.5,0.4,3.8399000000026717
Collaborative Filtering,S124,5,0.2,0.3333333333333333,0.25,0.0,1.059490999978152
Academic-Aware Hybrid,S124,5,0.6,1.0,0.7499999999999999,0.0,4.097975000036058
Random (baseline),S124,5,0.2,0.3333333333333333,0.25,0.4,0.8233160000372663
Content-Based,S125,4,0.2,1.0,0.33333333333333337,0.4,4.0413360000002285
Collaborative Filtering,S125,4,0.0,0.0,0.0,0.0,1.147238999919864
Academic-Aware Hybrid,S125,4,0.2,1.0,0.33333333333333337,0.0,4.474555999991026
Random (baseline),S125,4,0.0,0.0,0.0,0.6,0.8082599999852391
Content-Based,S127,7,0.2,1.0,0.33333333333333337,0.0,3.646542999945268
Collaborative Filtering,S127,7,0.0,0.0,0.0,0.4,1.1794480000162366
Academic-Aware Hybrid,S127,7,0.2,1.0,0.33333333333333337,0.0,4.434347000028538
Random (baseline),S127,7,0.0,0.0,0.0,0.4,0.8608919999915088
Content-Based,S128,5,0.2,0.5,0.28571428571428575,0.6,3.768259999901602
Collaborative Filtering,S128,5,0.4,1.0,0.5714285714285715,0.2,1.1072439999679773
Academic-Aware Hybrid,S128,5,0.4,1.0,0.5714285714285715,0.0,3.9325089999238116
Random (baseline),S128,5,0.0,0.0,0.0,0.0,0.7856400000036956
Content-Based,S130,7,0.4,0.6666666666666666,0.5,0.4,4.049097999995865
Collaborative Filtering,S130,7,0.2,0.3333333333333333,0.25,0.0,1.144768999893131
Academic-Aware Hybrid,S130,7,0.4,0.6666666666666666,0.5,0.0,4.368827999996938
Random (baseline),S130,7,0.0,0.0,0.0,0.6,0.8258660000137752
Content-Based,S131,3,0.0,0.0,0.0,0.6,3.691780000053768
Collaborative Filtering,S131,3,0.0,0.0,0.0,0.0,1.0226370000054885
Academic-Aware Hybrid,S131,3,0.4,1.0,0.5714285714285715,0.0,4.95199399995272
Random (baseline),S131,3,0.0,0.0,0.0,1.0,0.8710089999794945
Content-Based,S133,5,0.0,0.0,0.0,0.4,3.638012000010349
Collaborative Filtering,S133,5,0.2,0.5,0.28571428571428575,0.0,1.0904179999897678
Academic-Aware Hybrid,S133,5,0.2,0.5,0.28571428571428575,0.0,4.546572000094784
Random (baseline),S133,5,0.2,0.5,0.28571428571428575,0.8,0.8498230000668627
Content-Based,S136,7,0.0,0.0,0.0,0.0,3.8806969999996
Collaborative Filtering,S136,7,0.2,0.5,0.28571428571428575,0.0,1.365462999956435
Academic-Aware Hybrid,S136,7,0.2,0.5,0.28571428571428575,0.0,4.307313000026625
Random (baseline),S136,7,0.0,0.0,0.0,0.2,0.8446580000054382
Content-Based,S137,3,0.0,0.0,0.0,0.8,3.7087770000425735
Collaborative Filtering,S137,3,0.2,1.0,0.33333333333333337,0.0,1.21464799997284
Academic-Aware Hybrid,S137,3,0.2,1.0,0.33333333333333337,0.0,4.082927000013115
Random (baseline),S137,3,0.0,0.0,0.0,1.0,0.9337250000953645
Content-Based,S138,3,0.2,1.0,0.33333333333333337,0.4,3.8621969999894645
Collaborative Filtering,S138,3,0.2,1.0,0.33333333333333337,0.0,1.059945999941192
Academic-Aware Hybrid,S138,3,0.2,1.0,0.33333333333333337,0.0,3.697500999919612
Random (baseline),S138,3,0.2,1.0,0.33333333333333337,0.8,0.7761419999496866
Content-Based,S139,7,0.2,1.0,0.33333333333333337,0.2,5.755227999998169
Collaborative Filtering,S139,7,0.0,0.0,0.0,0.0,1.2731710000934982
Academic-Aware Hybrid,S139,7,0.2,1.0,0.33333333333333337,0.0,4.839716999981647
Random (baseline),S139,7,0.0,0.0,0.0,0.4,0.8254690000057963
Content-Based,S140,6,0.0,0.0,0.0,0.8,4.15090000001328
Collaborative Filtering,S140,6,0.0,0.0,0.0,0.2,1.186816999961593
Academic-Aware Hybrid,S140,6,0.0,0.0,0.0,0.0,4.726263000065956
Random (baseline),S140,6,0.0,0.0,0.0,0.4,1.0157660000231772
Content-Based,S142,5,0.4,1.0,0.5714285714285715,0.4,4.188457999930506
Collaborative Filtering,S142,5,0.2,0.5,0.28571428571428575,0.2,1.1921959999199316
Academic-Aware Hybrid,S142,5,0.4,1.0,0.5714285714285715,0.0,6.393663999915589
Random (baseline),S142,5,0.2,0.5,0.28571428571428575,0.0,1.6724050000220814
Content-Based,S143,6,0.2,0.5,0.28571428571428575,0.0,5.037582999989354
Collaborative Filtering,S143,6,0.0,0.0,0.0,0.0,1.8138169999701859
Academic-Aware Hybrid,S143,6,0.4,1.0,0.5714285714285715,0.0,6.815280999944662
Random (baseline),S143,6,0.2,0.5,0.28571428571428575,0.0,1.3142950000428755
Content-Based,S144,4,0.0,0.0,0.0,1.0,5.849138000030507
Collaborative Filtering,S144,4,0.2,1.0,0.33333333333333337,0.2,1.6657009999789807
Academic-Aware Hybrid,S144,4,0.0,0.0,0.0,0.0,6.571786999984397
Random (baseline),S144,4,0.0,0.0,0.0,0.8,1.2776979999671312
Content-Based,S146,6,0.2,0.25,0.22222222222222224,0.8,6.368758999997226
Collaborative Filtering,S146,6,0.2,0.25,0.22222222222222224,0.4,1.6822919999412989
Academic-Aware Hybrid,S146,6,0.8,1.0,0.888888888888889,0.0,5.384811999988415
Random (baseline),S146,6,0.0,0.0,0.0,0.2,1.3692350000837905
Content-Based,S147,6,0.2,0.5,0.28571428571428575,0.2,4.90258900003937
Collaborative Filtering,S147,6,0.2,0.5,0.28571428571428575,0.2,1.2157820000311403
Academic-Aware Hybrid,S147,6,0.2,0.5,0.28571428571428575,0.0,4.923263000023326
Random (baseline),S147,6,0.0,0.0,0.0,0.6,1.0387490000312027
Content-Based,S148,4,0.2,0.3333333333333333,0.25,0.8,3.7261280000393526
Collaborative Filtering,S148,4,0.4,0.6666666666666666,0.5,0.2,1.689442000042618
Academic-Aware Hybrid,S148,4,0.6,1.0,0.7499999999999999,0.0,6.204007000064848
Random (baseline),S148,4,0.2,0.3333333333333333,0.25,0.4,0.8619090000365759
Content-Based,S149,8,0.0,0.0,0.0,0.4,3.8097030000017185
Collaborative Filtering,S149,8,0.2,0.5,0.28571428571428575,0.0,1.3284880000128396
Academic-Aware Hybrid,S149,8,0.4,1.0,0.5714285714285715,0.0,4.650735999916833
Random (baseline),S149,8,0.2,0.5,0.28571428571428575,0.4,0.9112850000292383
Content-Based,S150,6,0.0,0.0,0.0,0.4,3.742860999977893
Collaborative Filtering,S150,6,0.2,0.5,0.28571428571428575,0.0,1.226866000024529
Academic-Aware Hybrid,S150,6,0.2,0.5,0.28571428571428575,0.0,4.77701900001648
Random (baseline),S150,6,0.0,0.0,0.0,0.4,0.9330190000582661
Content-Based,S151,7,0.2,0.5,0.28571428571428575,0.4,3.831779999927676
Collaborative Filtering,S151,7,0.2,0.5,0.28571428571428575,0.0,1.1770380000371006
Academic-Aware Hybrid,S151,7,0.4,1.0,0.5714285714285715,0.0,4.427720999956364
Random (baseline),S151,7,0.2,0.5,0.28571428571428575,0.2,0.8841739999070342
Content-Based,S153,5,0.0,0.0,0.0,0.6,4.063494999968498
Collaborative Filtering,S153,5,0.2,0.5,0.28571428571428575,0.0,1.2081209999905695
Academic-Aware Hybrid,S153,5,0.4,1.0,0.5714285714285715,0.0,4.737901999988026
Random (baseline),S153,5,0.2,0.5,0.28571428571428575,0.6,0.8051519999980883
Content-Based,S154,8,0.2,1.0,0.33333333333333337,0.4,3.682816000036837
Collaborative Filtering,S154,8,0.0,0.0,0.0,0.4,1.200456999981725
Academic-Aware Hybrid,S154,8,0.2,1.0,0.33333333333333337,0.0,4.404700999998568
Random (baseline),S154,8,0.0,0.0,0.0,0.6,0.8162550000179181
Content-Based,S155,5,0.4,0.6666666666666666,0.5,0.0,3.6493659999905503
Collaborative Filtering,S155,5,0.4,0.6666666666666666,0.5,0.0,1.1658079999961046
Academic-Aware Hybrid,S155,5,0.6,1.0,0.7499999999999999,0.0,4.252866000001632
Random (baseline),S155,5,0.0,0.0,0.0,0.6,0.811391999945954
Content-Based,S156,6,0.4,0.6666666666666666,0.5,0.2,3.75900400001683
Collaborative Filtering,S156,6,0.0,0.0,0.0,0.6,1.1519710000129635
Academic-Aware Hybrid,S156,6,0.6,1.0,0.7499999999999999,0.0,4.5606850000012855
Random (baseline),S156,6,0.4,0.6666666666666666,0.5,0.0,0.8529080000698741
Content-Based,S158,7,0.0,0.0,0.0,0.8,4.10382200004733
Collaborative Filtering,S158,7,0.0,0.0,0.0,0.8,1.1945090000153868
Academic-Aware Hybrid,S158,7,0.2,0.5,0.28571428571428575,0.0,4.5224970000390385
Random (baseline),S158,7,0.0,0.0,0.0,0.6,0.8925240000507983
Content-Based,S160,7,0.2,1.0,0.33333333333333337,0.4,3.8563339999200252
Collaborative Filtering,S160,7,0.0,0.0,0.0,0.2,1.3690749999568652
Academic-Aware Hybrid,S160,7,0.2,1.0,0.33333333333333337,0.0,4.915896000056819
Random (baseline),S160,7,0.0,0.0,0.0,0.6,0.8799519999911354
Content-Based,S161,5,0.2,0.3333333333333333,0.25,0.4,3.8385650000236637
Collaborative Filtering,S161,5,0.2,0.3333333333333333,0.25,0.0,1.1628680000512759
Academic-Aware Hybrid,S161,5,0.4,0.6666666666666666,0.5,0.0,3.9451029999781895
Random (baseline),S161,5,0.0,0.0,0.0,0.2,0.792327999988629
Content-Based,S162,5,0.2,0.5,0.28571428571428575,0.0,3.478603000075964
Collaborative Filtering,S162,5,0.2,0.5,0.28571428571428575,0.0,1.203251999982058
Academic-Aware Hybrid,S162,5,0.2,0.5,0.28571428571428575,0.0,3.9208419999567923
Random (baseline),S162,5,0.0,0.0,0.0,0.6,0.7904509999434595
Content-Based,S164,7,0.4,1.0,0.5714285714285715,0.2,3.7218879999727505
Collaborative Filtering,S164,7,0.0,0.0,0.0,0.4,1.1840020000590812
Academic-Aware Hybrid,S164,7,0.4,1.0,0.5714285714285715,0.0,4.214974999968035
Random (baseline),S164,7,0.0,0.0,0.0,0.4,0.770955000007234
Content-Based,S165,6,0.2,1.0,0.33333333333333337,0.2,3.8630629999261146
Collaborative Filtering,S165,6,0.0,0.0,0.0,0.4,1.1719159999756812
Academic-Aware Hybrid,S165,6,0.2,1.0,0.33333333333333337,0.0,4.974767000021529
Random (baseline),S165,6,0.0,0.0,0.0,0.4,0.8411709999336381
Content-Based,S166,3,0.2,0.5,0.28571428571428575,0.8,3.402047000008679
Collaborative Filtering,S166,3,0.4,1.0,0.5714285714285715,0.0,1.0189829999944777
Academic-Aware Hybrid,S166,3,0.4,1.0,0.5714285714285715,0.0,3.8034829999560316
Random (baseline),S166,3,0.0,0.0,0.0,0.8,0.8171590000074502
Content-Based,S167,7,0.2,1.0,0.33333333333333337,0.2,3.8091520000307355
Collaborative Filtering,S167,7,0.0,0.0,0.0,0.4,1.2120129999857454
Academic-Aware Hybrid,S167,7,0.2,1.0,0.33333333333333337,0.0,4.875711999943633
Random (baseline),S167,7,0.0,0.0,0.0,0.2,0.8888529999921957
Content-Based,S168,6,0.2,0.5,0.28571428571428575,0.4,3.993030999936309
Collaborative Filtering,S168,6,0.0,0.0,0.0,0.2,1.1192309999614736
Academic-Aware Hybrid,S168,6,0.2,0.5,0.28571428571428575,0.0,4.353942999955507
Random (baseline),S168,6,0.0,0.0,0.0,0.6,0.8513950000406112
Content-Based,S169,8,0.2,1.0,0.33333333333333337,0.2,3.9983309999342964
Collaborative Filtering,S169,8,0.0,0.0,0.0,0.0,1.2101159999247102
Academic-Aware Hybrid,S169,8,0.2,1.0,0.33333333333333337,0.0,4.539634000025217
Random (baseline),S169,8,0.0,0.0,0.0,0.0,0.9320589999788353
Content-Based,S170,5,0.2,1.0,0.33333333333333337,0.6,3.7092320000056134
Collaborative Filtering,S170,5,0.2,1.0,0.33333333333333337,0.2,1.1163400000668844
Academic-Aware Hybrid,S170,5,0.2,1.0,0.33333333333333337,0.0,4.4605819999787855
Random (baseline),S170,5,0.0,0.0,0.0,1.0,0.8911080000189031
Content-Based,S172,3,0.0,0.0,0.0,0.6,3.5598720000962203
Collaborative Filtering,S172,3,0.2,1.0,0.33333333333333337,0.0,1.0280219999003748
Academic-Aware Hybrid,S172,3,0.2,1.0,0.33333333333333337,0.0,3.8736480000807205
Random (baseline),S172,3,0.0,0.0,0.0,1.0,0.8616909999545896
Content-Based,S173,7,0.2,1.0,0.33333333333333337,0.6,4.19074899991756
Collaborative Filtering,S173,7,0.0,0.0,0.0,0.4,1.2060379999638826
Academic-Aware Hybrid,S173,7,0.2,1.0,0.33333333333333337,0.0,4.774306999934197
Random (baseline),S173,7,0.2,1.0,0.33333333333333337,0.6,0.8641129999205077
Content-Based,S174,6,0.2,0.5,0.28571428571428575,0.2,3.917071000046235
Collaborative Filtering,S174,6,0.0,0.0,0.0,0.0,1.3151890000244748
Academic-Aware Hybrid,S174,6,0.2,0.5,0.28571428571428575,0.0,4.888163999908102
Random (baseline),S174,6,0.0,0.0,0.0,0.4,1.0443930000292312
Content-Based,S176,7,0.2,1.0,0.33333333333333337,0.4,3.8785809999808407
Collaborative Filtering,S176,7,0.0,0.0,0.0,0.2,1.247462000037558
Academic-Aware Hybrid,S176,7,0.2,1.0,0.33333333333333337,0.0,4.475606000028165
Random (baseline),S176,7,0.0,0.0,0.0,0.6,0.840427999946769
Content-Based,S178,3,0.2,0.3333333333333333,0.25,0.8,3.46131100002367
Collaborative Filtering,S178,3,0.6,1.0,0.7499999999999999,0.0,1.1396159999321753
Academic-Aware Hybrid,S178,3,0.6,1.0,0.7499999999999999,0.0,3.940582000041104
Random (baseline),S178,3,0.0,0.0,0.0,0.8,0.905708000004779
Content-Based,S179,4,0.2,0.3333333333333333,0.25,0.2,4.422573999931956
Collaborative Filtering,S179,4,0.2,0.3333333333333333,0.25,0.2,1.160464999998112
Academic-Aware Hybrid,S179,4,0.4,0.6666666666666666,0.5,0.0,4.33423800006949
Random (baseline),S179,4,0.0,0.0,0.0,0.6,0.7428950000303303
Content-Based,S180,4,0.2,1.0,0.33333333333333337,0.6,3.5798839999188203
Collaborative Filtering,S180,4,0.0,0.0,0.0,0.2,1.1703970000098707
Academic-Aware Hybrid,S180,4,0.2,1.0,0.33333333333333337,0.0,4.33338499999536
Random (baseline),S180,4,0.0,0.0,0.0,0.8,0.8227770000530654
Content-Based,S181,3,0.2,0.25,0.22222222222222224,0.8,3.4579629999598183
Collaborative Filtering,S181,3,0.6,0.75,0.6666666666666665,0.0,1.0920260000375492
Academic-Aware Hybrid,S181,3,0.8,1.0,0.888888888888889,0.0,3.900206000025719
Random (baseline),S181,3,0.0,0.0,0.0,0.8,0.8254240000269419
Content-Based,S182,3,0.2,0.3333333333333333,0.25,0.6,3.766429000052085
Collaborative Filtering,S182,3,0.6,1.0,0.7499999999999999,0.0,1.0958629999322511
Academic-Aware Hybrid,S182,3,0.6,1.0,0.7499999999999999,0.0,4.025644999956057
Random (baseline),S182,3,0.0,0.0,0.0,0.8,0.9697820000837964
Content-Based,S183,8,0.2,1.0,0.33333333333333337,0.8,4.848596999977417
Collaborative Filtering,S183,8,0.2,1.0,0.33333333333333337,0.4,1.3156869999875198
Academic-Aware Hybrid,S183,8,0.2,1.0,0.33333333333333337,0.0,4.42970200003856
Random (baseline),S183,8,0.0,0.0,0.0,0.6,1.0326000000304703
Content-Based,S184,3,0.2,1.0,0.33333333333333337,0.6,3.7011599999914324
Collaborative Filtering,S184,3,0.2,1.0,0.33333333333333337,0.0,1.1950279999837221
Academic-Aware Hybrid,S184,3,0.2,1.0,0.33333333333333337,0.0,4.472565000014583
Random (baseline),S184,3,0.0,0.0,0.0,1.0,0.8634719999918161
Content-Based,S185,4,0.2,1.0,0.33333333333333337,0.4,3.770178999957352
Collaborative Filtering,S185,4,0.0,0.0,0.0,0.2,1.140816999964045
Academic-Aware Hybrid,S185,4,0.2,1.0,0.33333333333333337,0.0,4.557184000077541
Random (baseline),S185,4,0.2,1.0,0.33333333333333337,0.6,1.1143430000402077
Content-Based,S186,8,0.0,0.0,0.0,0.8,4.168641999967804
Collaborative Filtering,S186,8,0.2,1.0,0.33333333333333337,0.4,1.2839579999308626
Academic-Aware Hybrid,S186,8,0.2,1.0,0.33333333333333337,0.0,4.459529999962797
Random (baseline),S186,8,0.2,1.0,0.33333333333333337,0.6,0.8488040000429464
Content-Based,S187,7,0.4,0.6666666666666666,0.5,0.0,4.006741000011971
Collaborative Filtering,S187,7,0.0,0.0,0.0,0.0,0.8986620000541734
Academic-Aware Hybrid,S187,7,0.4,0.6666666666666666,0.5,0.0,3.420204000008198
Random (baseline),S187,7,0.4,0.6666666666666666,0.5,0.0,0.6826690000707458
Content-Based,S188,6,0.2,1.0,0.33333333333333337,0.4,2.9116360000216446
Collaborative Filtering,S188,6,0.0,0.0,0.0,0.6,0.9637449999218006
Academic-Aware Hybrid,S188,6,0.2,1.0,0.33333333333333337,0.0,3.2393840000395357
Random (baseline),S188,6,0.0,0.0,0.0,1.0,0.6964880000168705
Content-Based,S191,4,0.4,1.0,0.5714285714285715,0.4,2.6510110000117493
Collaborative Filtering,S191,4,0.4,1.0,0.5714285714285715,0.2,0.8276980000800904
Academic-Aware Hybrid,S191,4,0.4,1.0,0.5714285714285715,0.0,3.184462000035637
Random (baseline),S191,4,0.0,0.0,0.0,0.6,0.7161670000641607
Content-Based,S192,7,0.4,1.0,0.5714285714285715,0.0,2.9380339999534044
Collaborative Filtering,S192,7,0.2,0.5,0.28571428571428575,0.4,0.9542469999814784
Academic-Aware Hybrid,S192,7,0.4,1.0,0.5714285714285715,0.0,3.313886000000821
Random (baseline),S192,7,0.2,0.5,0.28571428571428575,0.6,0.6925579999688125
Content-Based,S193,6,0.2,1.0,0.33333333333333337,0.6,2.765626000041266
Collaborative Filtering,S193,6,0.0,0.0,0.0,0.2,0.862082000026021
Academic-Aware Hybrid,S193,6,0.0,0.0,0.0,0.0,3.126006000002235
Random (baseline),S193,6,0.0,0.0,0.0,0.4,0.6779269999697135
Content-Based,S194,7,0.0,0.0,0.0,0.2,3.156130999968809
Collaborative Filtering,S194,7,0.0,0.0,0.0,0.4,1.3281630000392397
Academic-Aware Hybrid,S194,7,0.0,0.0,0.0,0.0,4.693059999908655
Random (baseline),S194,7,0.0,0.0,0.0,0.6,0.9077810000235331
Content-Based,S195,6,0.4,0.6666666666666666,0.5,0.2,4.116328000009162
Collaborative Filtering,S195,6,0.2,0.3333333333333333,0.25,0.2,1.313962000040192
Academic-Aware Hybrid,S195,6,0.6,1.0,0.7499999999999999,0.0,5.088429000011274
Random (baseline),S195,6,0.2,0.3333333333333333,0.25,0.2,0.8897200000319572
Content-Based,S196,8,0.2,0.5,0.28571428571428575,0.6,4.6207460000005085
Collaborative Filtering,S196,8,0.2,0.5,0.28571428571428575,0.6,1.2264949999689634
Academic-Aware Hybrid,S196,8,0.4,1.0,0.5714285714285715,0.0,4.3229689999861876
Random (baseline),S196,8,0.2,0.5,0.28571428571428575,0.4,0.7998290000159614
Content-Based,S197,3,0.0,0.0,0.0,0.8,3.16243999998278
Collaborative Filtering,S197,3,0.4,0.6666666666666666,0.5,0.0,1.0709360000191737
Academic-Aware Hybrid,S197,3,0.6,1.0,0.7499999999999999,0.0,3.9850969999406516
Random (baseline),S197,3,0.2,0.3333333333333333,0.25,0.8,0.8592720000706322
Content-Based,S198,7,0.0,0.0,0.0,0.8,4.226715000072545
Collaborative Filtering,S198,7,0.0,0.0,0.0,0.4,1.2090700000726429
Academic-Aware Hybrid,S198,7,0.4,0.6666666666666666,0.5,0.0,4.508187000055841
Random (baseline),S198,7,0.0,0.0,0.0,0.2,0.9296949999679782
Content-Based,S199,3,0.2,0.5,0.28571428571428575,0.6,3.6594210000657768
Collaborative Filtering,S199,3,0.4,1.0,0.5714285714285715,0.0,1.1365620000560739
Academic-Aware Hybrid,S199,3,0.4,1.0,0.5714285714285715,0.0,4.306247000045005
Random (baseline),S199,3,0.0,0.0,0.0,0.8,0.8355410000149277
Content-Based,S200,7,0.2,0.5,0.28571428571428575,0.6,4.435826999952042
Collaborative Filtering,S200,7,0.0,0.0,0.0,0.4,1.2012429999685992
Academic-Aware Hybrid,S200,7,0.4,1.0,0.5714285714285715,0.0,4.481111000018245
Random (baseline),S200,7,0.2,0.5,0.28571428571428575,0.2,0.9205320000091888
Content-Based,S201,4,0.0,0.0,0.0,0.4,3.6130800000364616
Collaborative Filtering,S201,4,0.2,0.5,0.28571428571428575,0.2,1.071271999990131
Academic-Aware Hybrid,S201,4,0.4,1.0,0.5714285714285715,0.0,3.799140999944939
Random (baseline),S201,4,0.0,0.0,0.0,0.6,0.7851029999983439
Content-Based,S202,4,0.0,0.0,0.0,1.0,3.270882999913738
Collaborative Filtering,S202,4,0.0,0.0,0.0,0.2,1.0860480000474126
Academic-Aware Hybrid,S202,4,0.2,1.0,0.33333333333333337,0.0,4.849466999985452
Random (baseline),S202,4,0.0,0.0,0.0,1.0,0.856954000028054
Content-Based,S203,3,0.2,0.3333333333333333,0.25,0.6,3.9830450000408746
Collaborative Filtering,S203,3,0.6,1.0,0.7499999999999999,0.0,1.1957840000604847
Academic-Aware Hybrid,S203,3,0.4,0.6666666666666666,0.5,0.0,4.706935000058365
Random (baseline),S203,3,0.0,0.0,0.0,0.6,1.006434000032641
Content-Based,S204,5,0.2,0.5,0.28571428571428575,0.2,4.035037999983615
Collaborative Filtering,S204,5,0.2,0.5,0.28571428571428575,0.0,1.184389999934865
Academic-Aware Hybrid,S204,5,0.2,0.5,0.28571428571428575,0.0,4.390453000041816
Random (baseline),S204,5,0.2,0.5,0.28571428571428575,0.2,0.6781600000067556
Content-Based,S205,5,0.4,0.6666666666666666,0.5,0.4,3.107348999947135
Collaborative Filtering,S205,5,0.2,0.3333333333333333,0.25,0.4,0.9128599999712605
Academic-Aware Hybrid,S205,5,0.6,1.0,0.7499999999999999,0.0,3.3729259999972783
Random (baseline),S205,5,0.4,0.6666666666666666,0.5,0.2,0.6547269999828131
Content-Based,S207,5,0.2,1.0,0.33333333333333337,0.2,3.0765430000201377
Collaborative Filtering,S207,5,0.0,0.0,0.0,0.4,0.9030649999886009
Academic-Aware Hybrid,S207,5,0.2,1.0,0.33333333333333337,0.0,3.098920999946131
Random (baseline),S207,5,0.0,0.0,0.0,0.6,0.7182250000141721
Content-Based,S208,6,0.2,0.5,0.28571428571428575,0.2,2.9423249999354084
Collaborative Filtering,S208,6,0.0,0.0,0.0,0.4,1.0275219999584806
Academic-Aware Hybrid,S208,6,0.2,0.5,0.28571428571428575,0.0,3.5782039999503468
Random (baseline),S208,6,0.2,0.5,0.28571428571428575,0.6,0.6860619999997652
Content-Based,S209,8,0.2,0.5,0.28571428571428575,0.2,3.4794480000073236
Collaborative Filtering,S209,8,0.0,0.0,0.0,0.0,1.0325149999061978
Academic-Aware Hybrid,S209,8,0.2,0.5,0.28571428571428575,0.0,3.7170759999298753
Random (baseline),S209,8,0.0,0.0,0.0,0.4,0.7567239999843878
Content-Based,S210,3,0.2,1.0,0.33333333333333337,0.6,2.661563999936334
Collaborative Filtering,S210,3,0.2,1.0,0.33333333333333337,0.0,0.8137099999885322
Academic-Aware Hybrid,S210,3,0.2,1.0,0.33333333333333337,0.0,3.3896290000257068
Random (baseline),S210,3,0.0,0.0,0.0,0.6,0.6320700000514989
Content-Based,S211,6,0.2,0.3333333333333333,0.25,0.2,2.864554999973734
Collaborative Filtering,S211,6,0.4,0.6666666666666666,0.5,0.0,0.895165999963865
Academic-Aware Hybrid,S211,6,0.4,0.6666666666666666,0.5,0.0,3.9028190000180984
Random (baseline),S211,6,0.0,0.0,0.0,0.4,0.690824999992401
Content-Based,S212,5,0.0,0.0,0.0,0.2,2.7563190000137183
Collaborative Filtering,S212,5,0.0,0.0,0.0,0.2,0.8336530000860876
Academic-Aware Hybrid,S212,5,0.6,1.0,0.7499999999999999,0.0,3.59928700004275
Random (baseline),S212,5,0.2,0.3333333333333333,0.25,0.6,0.6363440000995979
Content-Based,S213,3,0.0,0.0,0.0,1.0,2.8721469999481997
Collaborative Filtering,S213,3,0.2,1.0,0.33333333333333337,0.0,0.8129100000360268
Academic-Aware Hybrid,S213,3,0.2,1.0,0.33333333333333337,0.0,2.9985229999738294
Random (baseline),S213,3,0.0,0.0,0.0,1.0,0.5917529999805993
Content-Based,S214,5,0.0,0.0,0.0,0.2,3.095019000056709
Collaborative Filtering,S214,5,0.2,0.3333333333333333,0.25,0.2,0.8450610000636516
Academic-Aware Hybrid,S214,5,0.2,0.3333333333333333,0.25,0.0,3.219704000002821
Random (baseline),S214,5,0.0,0.0,0.0,0.0,0.6094049999774143
Content-Based,S215,5,0.2,0.3333333333333333,0.25,0.2,3.148521000071014
Collaborative Filtering,S215,5,0.2,0.3333333333333333,0.25,0.2,0.9088189999602037
Academic-Aware Hybrid,S215,5,0.2,0.3333333333333333,0.25,0.0,3.181376000043201
Random (baseline),S215,5,0.2,0.3333333333333333,0.25,0.4,0.6203130000130841
Content-Based,S216,7,0.2,0.3333333333333333,0.25,0.6,2.834592999988672
Collaborative Filtering,S216,7,0.2,0.3333333333333333,0.25,0.0,0.8758260000831797
Academic-Aware Hybrid,S216,7,0.2,0.3333333333333333,0.25,0.0,3.1695150000814465
Random (baseline),S216,7,0.2,0.3333333333333333,0.25,0.2,0.5917970000837158
Content-Based,S217,4,0.2,0.5,0.28571428571428575,0.4,2.5340369999184986
Collaborative Filtering,S217,4,0.2,0.5,0.28571428571428575,0.0,0.8160600000337581
Academic-Aware Hybrid,S217,4,0.2,0.5,0.28571428571428575,0.0,2.905401000020902
Random (baseline),S217,4,0.0,0.0,0.0,0.6,0.5566909999288328
Content-Based,S218,6,0.4,0.6666666666666666,0.5,0.4,2.8068999999959487
Collaborative Filtering,S218,6,0.2,0.3333333333333333,0.25,0.0,1.0683369999924253
Academic-Aware Hybrid,S218,6,0.4,0.6666666666666666,0.5,0.0,3.448866999974598
Random (baseline),S218,6,0.0,0.0,0.0,0.2,0.6734290000167675
Content-Based,S221,7,0.4,1.0,0.5714285714285715,0.2,2.760126999987733
Collaborative Filtering,S221,7,0.0,0.0,0.0,0.6,0.9518730000763753
Academic-Aware Hybrid,S221,7,0.4,1.0,0.5714285714285715,0.0,3.597818000002917
Random (baseline),S221,7,0.0,0.0,0.0,0.6,0.7757860000765504
Content-Based,S222,7,0.2,1.0,0.33333333333333337,0.8,2.948037999999542
Collaborative Filtering,S222,7,0.0,0.0,0.0,0.6,1.1116689998971196
Academic-Aware Hybrid,S222,7,0.2,1.0,0.33333333333333337,0.0,3.5145409999586263
Random (baseline),S222,7,0.0,0.0,0.0,0.6,0.6637930000579217
Content-Based,S223,7,0.0,0.0,0.0,0.4,2.8856669999868245
Collaborative Filtering,S223,7,0.0,0.0,0.0,0.2,0.978074000045126
Academic-Aware Hybrid,S223,7,0.0,0.0,0.0,0.0,3.6786880000363453
Random (baseline),S223,7,0.0,0.0,0.0,0.4,0.6339110000226356
Content-Based,S224,6,0.4,0.6666666666666666,0.5,0.6,2.7451650000784866
Collaborative Filtering,S224,6,0.4,0.6666666666666666,0.5,0.0,1.0639859999628243
Academic-Aware Hybrid,S224,6,0.4,0.6666666666666666,0.5,0.0,3.632314000014958
Random (baseline),S224,6,0.0,0.0,0.0,0.6,0.7281819999889194
Content-Based,S225,3,0.4,0.6666666666666666,0.5,0.6,2.675769000006767
Collaborative Filtering,S225,3,0.4,0.6666666666666666,0.5,0.0,0.8620319999863568
Academic-Aware Hybrid,S225,3,0.6,1.0,0.7499999999999999,0.0,3.549129000020912
Random (baseline),S225,3,0.0,0.0,0.0,0.8,0.7300500000155807
Content-Based,S226,5,0.2,0.5,0.28571428571428575,0.6,3.063118999989456
Collaborative Filtering,S226,5,0.2,0.5,0.28571428571428575,0.0,0.8410070000763881
Academic-Aware Hybrid,S226,5,0.2,0.5,0.28571428571428575,0.0,3.578843000013876
Random (baseline),S226,5,0.2,0.5,0.28571428571428575,0.4,0.7216909999669952
Content-Based,S228,7,0.2,1.0,0.33333333333333337,0.2,2.993785000057869
Collaborative Filtering,S228,7,0.0,0.0,0.0,0.0,0.9777860000212968
Academic-Aware Hybrid,S228,7,0.2,1.0,0.33333333333333337,0.0,3.537900999958765
Random (baseline),S228,7,0.0,0.0,0.0,0.2,0.6364779999330494
Content-Based,S229,7,0.0,0.0,0.0,0.2,2.8554069999700005
Collaborative Filtering,S229,7,0.0,0.0,0.0,0.0,0.9317679999867323
Academic-Aware Hybrid,S229,7,0.0,0.0,0.0,0.0,4.581261999987873
Random (baseline),S229,7,0.0,0.0,0.0,0.2,0.8049009999240297
Content-Based,S230,6,0.2,0.5,0.28571428571428575,0.0,3.0906840000852753
Collaborative Filtering,S230,6,0.0,0.0,0.0,0.2,0.9368689999291746
Academic-Aware Hybrid,S230,6,0.4,1.0,0.5714285714285715,0.0,3.4876880000638266
Random (baseline),S230,6,0.0,0.0,0.0,0.0,0.6602769999517477
Content-Based,S231,3,0.0,0.0,0.0,0.6,3.1745759999921574
Collaborative Filtering,S231,3,0.2,0.5,0.28571428571428575,0.0,0.917245999971783
Academic-Aware Hybrid,S231,3,0.4,1.0,0.5714285714285715,0.0,3.2385739999654106
Random (baseline),S231,3,0.0,0.0,0.0,0.6,0.6691429999818865
Content-Based,S232,6,0.2,1.0,0.33333333333333337,0.4,3.0924830000458314
Collaborative Filtering,S232,6,0.0,0.0,0.0,0.2,0.9701050000785472
Academic-Aware Hybrid,S232,6,0.2,1.0,0.33333333333333337,0.0,3.6383089999389995
Random (baseline),S232,6,0.0,0.0,0.0,0.2,0.7322369999656075
Content-Based,S233,8,0.2,1.0,0.33333333333333337,0.6,3.18799800004399
Collaborative Filtering,S233,8,0.0,0.0,0.0,0.2,0.8820709999781684
Academic-Aware Hybrid,S233,8,0.2,1.0,0.33333333333333337,0.0,3.662264000013238
Random (baseline),S233,8,0.2,1.0,0.33333333333333337,0.8,0.6963130000485762
Content-Based,S234,6,0.2,1.0,0.33333333333333337,0.0,3.135789999987537
Collaborative Filtering,S234,6,0.0,0.0,0.0,0.6,1.0131530000307976
Academic-Aware Hybrid,S234,6,0.2,1.0,0.33333333333333337,0.0,3.2075319999194107
Random (baseline),S234,6,0.0,0.0,0.0,0.4,0.8255620000454655
Content-Based,S235,7,0.4,1.0,0.5714285714285715,0.6,3.2266410000829637
Collaborative Filtering,S235,7,0.0,0.0,0.0,0.4,0.9954800000286923
Academic-Aware Hybrid,S235,7,0.4,1.0,0.5714285714285715,0.0,3.3925210000234074
Random (baseline),S235,7,0.2,0.5,0.28571428571428575,0.6,0.7253830000308881
Content-Based,S237,4,0.4,0.6666666666666666,0.5,0.6,2.8976979999697505
Collaborative Filtering,S237,4,0.2,0.3333333333333333,0.25,0.2,0.8133750000069995
Academic-Aware Hybrid,S237,4,0.6,1.0,0.7499999999999999,0.0,3.0234439999503593
Random (baseline),S237,4,0.0,0.0,0.0,0.8,0.6730600000537379
Content-Based,S238,7,0.2,1.0,0.33333333333333337,0.6,3.121575000022858
Collaborative Filtering,S238,7,0.0,0.0,0.0,0.2,1.049745000045732
Academic-Aware Hybrid,S238,7,0.2,1.0,0.33333333333333337,0.0,4.0664900000138005
Random (baseline),S238,7,0.0,0.0,0.0,0.2,0.7257659999595489
Content-Based,S239,6,0.4,1.0,0.5714285714285715,0.2,2.9032030000735176
Collaborative Filtering,S239,6,0.2,0.5,0.28571428571428575,0.0,0.9176849999903425
Academic-Aware Hybrid,S239,6,0.4,1.0,0.5714285714285715,0.0,3.6111539999410525
Random (baseline),S239,6,0.2,0.5,0.28571428571428575,0.6,0.8036459998947976
Content-Based,S240,6,0.2,0.3333333333333333,0.25,0.6,3.0503810000936937
Collaborative Filtering,S240,6,0.2,0.3333333333333333,0.25,0.4,1.038909999920179
Academic-Aware Hybrid,S240,6,0.4,0.6666666666666666,0.5,0.0,3.715994000003775
Random (baseline),S240,6,0.2,0.3333333333333333,0.25,0.4,0.6977419999429912
Content-Based,S243,3,0.2,0.5,0.28571428571428575,0.6,3.156646000093133
Collaborative Filtering,S243,3,0.4,1.0,0.5714285714285715,0.0,0.8413030000156141
Academic-Aware Hybrid,S243,3,0.4,1.0,0.5714285714285715,0.0,3.2912799999849085
Random (baseline),S243,3,0.0,0.0,0.0,1.0,0.6739719999586669
Content-Based,S244,5,0.4,1.0,0.5714285714285715,0.2,3.132998000069165
Collaborative Filtering,S244,5,0.2,0.5,0.28571428571428575,0.0,0.8645010000236653
Academic-Aware Hybrid,S244,5,0.4,1.0,0.5714285714285715,0.0,3.65780899994661
Random (baseline),S244,5,0.0,0.0,0.0,0.4,0.7123679999949672
Content-Based,S245,3,0.0,0.0,0.0,0.8,2.9542980000769603
Collaborative Filtering,S245,3,0.2,0.5,0.28571428571428575,0.0,1.044970999942052
Academic-Aware Hybrid,S245,3,0.4,1.0,0.5714285714285715,0.0,3.978647999929308
Random (baseline),S245,3,0.0,0.0,0.0,1.0,0.8805969999912122
Content-Based,S247,7,0.6,1.0,0.7499999999999999,0.0,3.5760109999500855
Collaborative Filtering,S247,7,0.0,0.0,0.0,0.0,0.9273990000338017
Academic-Aware Hybrid,S247,7,0.6,1.0,0.7499999999999999,0.0,3.3056629999919096
Random (baseline),S247,7,0.0,0.0,0.0,0.2,0.7021379999514465
Content-Based,S248,3,0.2,1.0,0.33333333333333337,0.6,2.7577590000191776
Collaborative Filtering,S248,3,0.2,1.0,0.33333333333333337,0.0,0.9335060000239537
Academic-Aware Hybrid,S248,3,0.2,1.0,0.33333333333333337,0.0,3.635238000015306
Random (baseline),S248,3,0.0,0.0,0.0,0.8,0.784939000027407
Content-Based,S249,3,0.4,0.6666666666666666,0.5,0.4,2.6008759999740505
Collaborative Filtering,S249,3,0.6,1.0,0.7499999999999999,0.0,0.8353609999858236
Academic-Aware Hybrid,S249,3,0.4,0.6666666666666666,0.5,0.0,3.0870130000266727
Random (baseline),S249,3,0.0,0.0,0.0,1.0,0.6746420000354192
Content-Based,S250,4,0.2,0.3333333333333333,0.25,0.8,2.9305949999525183
Collaborative Filtering,S250,4,0.4,0.6666666666666666,0.5,0.2,0.8085059999984878
Academic-Aware Hybrid,S250,4,0.6,1.0,0.7499999999999999,0.0,3.299537999964741
Random (baseline),S250,4,0.0,0.0,0.0,0.6,0.6929889999582883
Content-Based,S251,3,0.2,0.3333333333333333,0.25,0.8,2.577255000005607
Collaborative Filtering,S251,3,0.4,0.6666666666666666,0.5,0.0,0.9456069999487227
Academic-Aware Hybrid,S251,3,0.6,1.0,0.7499999999999999,0.0,3.88977199997953
Random (baseline),S251,3,0.0,0.0,0.0,0.6,0.867666999965877
Content-Based,S252,3,0.0,0.0,0.0,1.0,3.324743000007402
Collaborative Filtering,S252,3,0.0,0.0,0.0,0.0,0.8985179999854154
Academic-Aware Hybrid,S252,3,0.2,1.0,0.33333333333333337,0.0,3.728085000034298
Random (baseline),S252,3,0.0,0.0,0.0,0.8,0.6378979999226431
Content-Based,S253,3,0.0,0.0,0.0,0.8,2.9579340000509546
Collaborative Filtering,S253,3,0.2,1.0,0.33333333333333337,0.0,0.8523630000354387
Academic-Aware Hybrid,S253,3,0.2,1.0,0.33333333333333337,0.0,3.9185030000226106
Random (baseline),S253,3,0.0,0.0,0.0,0.6,0.6180480000921307
Content-Based,S254,6,0.0,0.0,0.0,1.0,3.080366000062895
Collaborative Filtering,S254,6,0.2,0.5,0.28571428571428575,0.4,0.9249800000361574
Academic-Aware Hybrid,S254,6,0.2,0.5,0.28571428571428575,0.0,3.2490109999798733
Random (baseline),S254,6,0.0,0.0,0.0,0.4,0.6937020000350458
Content-Based,S256,5,0.0,0.0,0.0,0.6,3.307548000066163
Collaborative Filtering,S256,5,0.2,1.0,0.33333333333333337,0.0,0.8382470000469766
Academic-Aware Hybrid,S256,5,0.2,1.0,0.33333333333333337,0.0,3.306930000007924
Random (baseline),S256,5,0.2,1.0,0.33333333333333337,0.6,0.6182239999361627
Content-Based,S257,6,0.2,1.0,0.33333333333333337,0.4,3.024098999958369
Collaborative Filtering,S257,6,0.0,0.0,0.0,0.4,0.9892120000358773
Academic-Aware Hybrid,S257,6,0.2,1.0,0.33333333333333337,0.0,3.717235000067376
Random (baseline),S257,6,0.0,0.0,0.0,0.6,0.8652190000475457
Content-Based,S259,5,0.0,0.0,0.0,0.4,3.0951989999721263
Collaborative Filtering,S259,5,0.0,0.0,0.0,0.0,1.0770930000489898
Academic-Aware Hybrid,S259,5,0.0,0.0,0.0,0.0,3.5723139999390696
Random (baseline),S259,5,0.0,0.0,0.0,0.4,0.7598369999186616
Content-Based,S260,8,0.2,0.5,0.28571428571428575,0.4,3.591891000041869
Collaborative Filtering,S260,8,0.0,0.0,0.0,0.4,0.975187999983973
Academic-Aware Hybrid,S260,8,0.4,1.0,0.5714285714285715,0.0,3.991874000007556
Random (baseline),S260,8,0.0,0.0,0.0,0.6,0.8031770000798133
Content-Based,S261,7,0.2,1.0,0.33333333333333337,0.4,3.366815000049428
Collaborative Filtering,S261,7,0.0,0.0,0.0,0.4,0.9669290000147157
Academic-Aware Hybrid,S261,7,0.2,1.0,0.33333333333333337,0.0,3.6055640000540734
Random (baseline),S261,7,0.2,1.0,0.33333333333333337,0.2,0.7868739999139507
Content-Based,S262,5,0.4,0.5,0.4444444444444445,0.2,3.5205169999699137
Collaborative Filtering,S262,5,0.4,0.5,0.4444444444444445,0.0,0.8498649999637564
Academic-Aware Hybrid,S262,5,0.6,0.75,0.6666666666666665,0.0,3.702914000086821
Random (baseline),S262,5,0.0,0.0,0.0,0.6,0.8431639998889295
Content-Based,S263,7,0.4,1.0,0.5714285714285715,0.2,3.247985000029985
Collaborative Filtering,S263,7,0.0,0.0,0.0,0.2,0.9738240000842779
Academic-Aware Hybrid,S263,7,0.2,0.5,0.28571428571428575,0.0,3.4633280000662126
Random (baseline),S263,7,0.0,0.0,0.0,0.0,0.6877639999629537
Content-Based,S264,4,0.2,0.5,0.28571428571428575,0.6,2.832134999948721
Collaborative Filtering,S264,4,0.2,0.5,0.28571428571428575,0.0,0.7673999999724401
Academic-Aware Hybrid,S264,4,0.4,1.0,0.5714285714285715,0.0,3.079027000012502
Random (baseline),S264,4,0.2,0.5,0.28571428571428575,0.4,0.7217439999749331
Content-Based,S265,8,0.0,0.0,0.0,0.2,3.390670000044338
Collaborative Filtering,S265,8,0.0,0.0,0.0,0.0,1.0009950000267054
Academic-Aware Hybrid,S265,8,0.0,0.0,0.0,0.0,3.6564449999332282
Random (baseline),S265,8,0.0,0.0,0.0,0.8,0.6887150000238762
Content-Based,S266,7,0.0,0.0,0.0,0.0,3.3787800000482093
Collaborative Filtering,S266,7,0.0,0.0,0.0,0.6,1.0357940000176313
Academic-Aware Hybrid,S266,7,0.0,0.0,0.0,0.0,3.8575410000021293
Random (baseline),S266,7,0.0,0.0,0.0,0.8,0.622829000008096
Content-Based,S267,5,0.2,1.0,0.33333333333333337,0.8,3.0181299999867406
Collaborative Filtering,S267,5,0.2,1.0,0.33333333333333337,0.2,0.9400149999692076
Academic-Aware Hybrid,S267,5,0.2,1.0,0.33333333333333337,0.0,3.468020000013894
Random (baseline),S267,5,0.0,0.0,0.0,0.6,0.7407279999824823
Content-Based,S268,5,0.0,0.0,0.0,0.6,3.274464000014632
Collaborative Filtering,S268,5,0.0,0.0,0.0,0.0,0.9079459999838946
Academic-Aware Hybrid,S268,5,0.0,0.0,0.0,0.0,3.892183999937515
Random (baseline),S268,5,0.2,1.0,0.33333333333333337,0.6,0.8107869999776085
Content-Based,S269,3,0.0,0.0,0.0,0.6,3.3267359999626933
Collaborative Filtering,S269,3,0.0,0.0,0.0,0.0,0.8639300000368166
Academic-Aware Hybrid,S269,3,0.2,1.0,0.33333333333333337,0.0,3.2773560000123325
Random (baseline),S269,3,0.0,0.0,0.0,0.6,0.7124950000161334
Content-Based,S271,7,0.2,1.0,0.33333333333333337,0.2,3.0972859999565117
Collaborative Filtering,S271,7,0.0,0.0,0.0,0.6,1.0899540000082197
Academic-Aware Hybrid,S271,7,0.0,0.0,0.0,0.0,3.8827020000553603
Random (baseline),S271,7,0.0,0.0,0.0,0.4,0.6345720000808797
Content-Based,S273,8,0.2,1.0,0.33333333333333337,0.4,3.1362120000721916
Collaborative Filtering,S273,8,0.0,0.0,0.0,0.0,1.092288999984703
Academic-Aware Hybrid,S273,8,0.2,1.0,0.33333333333333337,0.0,4.153668999947513
Random (baseline),S273,8,0.0,0.0,0.0,0.4,0.7788950000531258
Content-Based,S275,7,0.2,1.0,0.33333333333333337,0.0,3.084683999986737
Collaborative Filtering,S275,7,0.0,0.0,0.0,0.0,0.9154050000006464
Academic-Aware Hybrid,S275,7,0.2,1.0,0.33333333333333337,0.0,3.8827370000262817
Random (baseline),S275,7,0.0,0.0,0.0,0.6,0.7950149999942369
Content-Based,S276,4,0.0,0.0,0.0,0.8,3.069033000087984
Collaborative Filtering,S276,4,0.4,1.0,0.5714285714285715,0.2,0.9571109999342298
Academic-Aware Hybrid,S276,4,0.4,1.0,0.5714285714285715,0.0,3.7161999999852924
Random (baseline),S276,4,0.0,0.0,0.0,0.6,0.6887849999657192
Content-Based,S277,7,0.4,1.0,0.5714285714285715,0.2,3.30230899999151
Collaborative Filtering,S277,7,0.0,0.0,0.0,0.0,0.9764900000845955
Academic-Aware Hybrid,S277,7,0.4,1.0,0.5714285714285715,0.0,3.9842310000040015
Random (baseline),S277,7,0.0,0.0,0.0,0.6,0.7193210000195904
Content-Based,S278,7,0.4,0.6666666666666666,0.5,0.2,3.2117629999675046
Collaborative Filtering,S278,7,0.0,0.0,0.0,0.4,0.9977359999311375
Academic-Aware Hybrid,S278,7,0.4,0.6666666666666666,0.5,0.0,3.4810649999599264
Random (baseline),S278,7,0.0,0.0,0.0,0.8,0.6331249999220745
Content-Based,S279,3,0.2,0.5,0.28571428571428575,0.8,2.7087649999657515
Collaborative Filtering,S279,3,0.4,1.0,0.5714285714285715,0.0,0.8122099999354759
Academic-Aware Hybrid,S279,3,0.4,1.0,0.5714285714285715,0.0,3.2488709999825005
Random (baseline),S279,3,0.0,0.0,0.0,0.8,0.5817279999291713
Content-Based,S280,8,0.0,0.0,0.0,0.4,2.8888059999871984
Collaborative Filtering,S280,8,0.2,1.0,0.33333333333333337,0.0,0.9085689999892566
Academic-Aware Hybrid,S280,8,0.2,1.0,0.33333333333333337,0.0,3.4390239999311234
Random (baseline),S280,8,0.0,0.0,0.0,0.6,0.6151320000071792
Content-Based,S281,5,0.2,0.5,0.28571428571428575,0.6,2.7993070000320586
Collaborative Filtering,S281,5,0.2,0.5,0.28571428571428575,0.0,0.9551759999339993
Academic-Aware Hybrid,S281,5,0.2,0.5,0.28571428571428575,0.0,3.833482000004551
Random (baseline),S281,5,0.0,0.0,0.0,0.4,0.6708890000481915
Content-Based,S282,3,0.2,1.0,0.33333333333333337,0.6,2.9346659999873737
Collaborative Filtering,S282,3,0.2,1.0,0.33333333333333337,0.0,0.8942910000087068
Academic-Aware Hybrid,S282,3,0.2,1.0,0.33333333333333337,0.0,3.4242630000562713
Random (baseline),S282,3,0.0,0.0,0.0,0.6,0.6622280000101455
Content-Based,S283,5,0.0,0.0,0.0,0.2,2.961228999993182
Collaborative Filtering,S283,5,0.0,0.0,0.0,0.4,0.9978479999972478
Academic-Aware Hybrid,S283,5,0.2,0.5,0.28571428571428575,0.0,3.6814130000948353
Random (baseline),S283,5,0.2,0.5,0.28571428571428575,0.6,0.716794000027221
Content-Based,S284,7,0.2,1.0,0.33333333333333337,0.4,3.364959999998973
Collaborative Filtering,S284,7,0.0,0.0,0.0,0.0,0.913347000050635
Academic-Aware Hybrid,S284,7,0.2,1.0,0.33333333333333337,0.0,4.736546999993152
Random (baseline),S284,7,0.0,0.0,0.0,0.4,0.7103209999286264
Content-Based,S285,6,0.0,0.0,0.0,0.2,3.4743680000701715
Collaborative Filtering,S285,6,0.0,0.0,0.0,0.6,0.8815769999728218
Academic-Aware Hybrid,S285,6,0.0,0.0,0.0,0.0,3.3701720000181012
Random (baseline),S285,6,0.0,0.0,0.0,0.2,0.7430819999854066
Content-Based,S287,3,0.0,0.0,0.0,1.0,3.1102389999659863
Collaborative Filtering,S287,3,0.2,0.5,0.28571428571428575,0.0,0.8353260000149021
Academic-Aware Hybrid,S287,3,0.4,1.0,0.5714285714285715,0.0,3.4087970000200585
Random (baseline),S287,3,0.0,0.0,0.0,0.8,0.6884390001005158
Content-Based,S288,6,0.2,1.0,0.33333333333333337,0.6,3.038869000079103
Collaborative Filtering,S288,6,0.0,0.0,0.0,0.0,1.0395799999969313
Academic-Aware Hybrid,S288,6,0.2,1.0,0.33333333333333337,0.0,3.8397009999471265
Random (baseline),S288,6,0.2,1.0,0.33333333333333337,0.4,0.7772479999630377
Content-Based,S289,6,0.0,0.0,0.0,0.4,3.474203999985548
Collaborative Filtering,S289,6,0.0,0.0,0.0,0.6,0.9120180000081746
Academic-Aware Hybrid,S289,6,0.0,0.0,0.0,0.0,3.584986000078061
Random (baseline),S289,6,0.0,0.0,0.0,0.4,0.8330140000225583
Content-Based,S290,4,0.0,0.0,0.0,0.8,2.7012599999807207
Collaborative Filtering,S290,4,0.4,1.0,0.5714285714285715,0.2,0.8701560000190511
Academic-Aware Hybrid,S290,4,0.4,1.0,0.5714285714285715,0.0,3.436607999901753
Random (baseline),S290,4,0.0,0.0,0.0,0.8,0.5926880000970414
Content-Based,S291,5,0.0,0.0,0.0,0.2,2.997674999960509
Collaborative Filtering,S291,5,0.0,0.0,0.0,0.2,0.9030100000018138
Academic-Aware Hybrid,S291,5,0.2,1.0,0.33333333333333337,0.0,3.6886689999846567
Random (baseline),S291,5,0.0,0.0,0.0,0.8,0.7097500000554646
Content-Based,S292,5,0.2,0.3333333333333333,0.25,0.4,2.8316959999301616
Collaborative Filtering,S292,5,0.0,0.0,0.0,0.4,0.7997469999736495
Academic-Aware Hybrid,S292,5,0.4,0.6666666666666666,0.5,0.0,3.212005000023055
Random (baseline),S292,5,0.0,0.0,0.0,0.4,0.7390860000668908
Content-Based,S293,5,0.2,1.0,0.33333333333333337,0.8,2.938905999940289
Collaborative Filtering,S293,5,0.2,1.0,0.33333333333333337,0.0,0.8389569999280866
Academic-Aware Hybrid,S293,5,0.2,1.0,0.33333333333333337,0.0,3.091741000048387
Random (baseline),S293,5,0.0,0.0,0.0,0.2,0.661712000010084
Content-Based,S294,8,0.2,1.0,0.33333333333333337,0.8,3.4906500000033702
Collaborative Filtering,S294,8,0.0,0.0,0.0,0.4,0.990826999895944
Academic-Aware Hybrid,S294,8,0.2,1.0,0.33333333333333337,0.0,3.3945119999998496
Random (baseline),S294,8,0.0,0.0,0.0,0.4,0.7064940000418574
Content-Based,S296,8,0.0,0.0,0.0,0.6,2.9943160000129865
Collaborative Filtering,S296,8,0.0,0.0,0.0,0.4,0.9061629999678189
Academic-Aware Hybrid,S296,8,0.2,0.5,0.28571428571428575,0.0,3.298344999961955
Random (baseline),S296,8,0.0,0.0,0.0,0.4,0.6437260000211609
Content-Based,S297,6,0.2,0.5,0.28571428571428575,0.0,3.1326939999871684
Collaborative Filtering,S297,6,0.0,0.0,0.0,0.0,0.9133749999818974
Academic-Aware Hybrid,S297,6,0.4,1.0,0.5714285714285715,0.0,3.6441030000560204
Random (baseline),S297,6,0.0,0.0,0.0,0.2,0.7570189999341892
Content-Based,S298,6,0.4,0.6666666666666666,0.5,0.0,3.251709999972263
Collaborative Filtering,S298,6,0.2,0.3333333333333333,0.25,0.0,0.9162049999531519
Academic-Aware Hybrid,S298,6,0.6,1.0,0.7499999999999999,0.0,3.502392999962467
Random (baseline),S298,6,0.0,0.0,0.0,0.2,0.7148969999661858
Content-Based,S299,6,0.2,1.0,0.33333333333333337,0.0,3.0092640000702886
Collaborative Filtering,S299,6,0.0,0.0,0.0,0.2,1.0932840000350552
Academic-Aware Hybrid,S299,6,0.2,1.0,0.33333333333333337,0.0,3.789320000009866
Random (baseline),S299,6,0.0,0.0,0.0,0.4,0.744076999922072
